time,latitude,longitude,depth,mag,magtype,nst,gap,dmin,rms,type,horizontalerror,deptherror,magerror,magnst,status
2025-10-16t01:45:10.023z,31.61,-103.956,7.843,1.6,ml,28,48,0,0.1,earthquake,0.35066865473753916,0.4536590357161458,0.2,19,reviewed
2025-09-24t19:57:19.550z,37.5333333333333,-118.952833333333,12.26,1.85,md,27,89,0.08411,0.06,earthquake,0.37,0.78,0.12,17,reviewed
2025-10-05t04:35:52.590z,38.8346672058105,-122.815170288086,1.95000004768372,1.11,md,16,85,0.01933,0.02,earthquake,0.3,0.439999998,0.08,16,automatic
2025-10-11t09:05:26.670z,37.2351684570312,-119.533668518066,35.0699996948242,2.51,md,13,103,0.1084,0.06,earthquake,0.44,0.99000001,0.08,7,automatic
2025-09-18t21:49:10.817z,32.125,-102.196,6.4209,1.3,ml,17,65,0,0.2,earthquake,0.8910805930477187,1.6129441812039482,0.2,13,reviewed
2025-10-01t00:13:07.000z,38.8375015258789,-122.782997131348,1.72000002861023,0.91,md,10,79,0.005809,0.02,earthquake,0.96,1.97000003,0.21,11,automatic
2025-09-22t23:16:16.230z,-24.2292,-67.5509,190.456,4.2,mb,13,96,1.396,0.38,earthquake,9.33,7.326,0.214,6,reviewed
2025-10-11t12:58:27.790z,35.9843330383301,-120.953163146973,9.85999965667725,2.21,md,43,52,0.06573,0.12,earthquake,0.27,0.779999971,0.23,35,automatic
2025-09-22t05:04:20.150z,54.7938333333333,-164.174,15.78,1.53,ml,4,311,0.03522,0.32,earthquake,2.82,2.41,0.138535398267415,4,reviewed
2025-09-21t16:35:00.270z,18.1321666666667,-66.7933333333333,18.38,1.94,md,17,92,0.1387,0.2,earthquake,0.41,0.52,0.160634313786599,8,reviewed
2025-10-09t15:00:34.290z,34.0158333,-117.188,6.99,2.08,ml,94,14,0.06576,0.17,earthquake,0.1,0.31,0.15,60,reviewed
2025-09-28t07:37:43.870z,44.7935,-110.851666666667,4.83,1.12,ml,18,108,0.005236,0.19,earthquake,0.35,0.46,0.353597279737005,5,reviewed
2025-09-27t02:31:38.058z,-20.58,-178.7444,613.656,4.6,mb,43,107,4.137,0.72,earthquake,8.64,8.22,0.034,253,reviewed
2025-10-07t11:32:48.670z,35.3135,-118.5551667,5.26,1.76,ml,41,34,0.1121,0.16,earthquake,0.15,0.5,0.162,26,reviewed
2025-09-21t03:08:43.990z,33.2306667,-115.6663333,1.89,1.03,ml,7,150,0.05995,0.15,earthquake,1.3,2.11,0.243,4,reviewed
2025-09-24t18:42:32.561z,32.125,-101.105,8.7158,1.7,ml,32,62,0.2,0.1,earthquake,0.7023755166490588,2.206013022814179,0.2,20,reviewed
2025-09-24t13:18:05.687z,-4.7269,144.9827,183.877,4.2,mb,24,113,3.573,0.59,earthquake,8.47,8.549,0.128,17,reviewed
2025-09-26t02:51:06.267z,51.5931,159.0288,35,4.8,mb,22,196,1.451,0.51,earthquake,15.92,1.973,0.116,23,reviewed
2025-10-07t19:39:04.650z,44.7378333333333,-111.115,9.29,0.4,md,11,97,0.0593,0.16,earthquake,0.46,1.22,0.245911426886357,7,reviewed
2025-09-21t16:04:28.010z,38.8208351135254,-122.842163085938,2.28999996185303,0.97,md,15,103,0.0133,0.01,earthquake,0.26,0.449999988,0.12,15,automatic
2025-09-22t21:22:21.877z,32.352,-102.079,6.7139,0.6,ml,12,69,0,0.2,earthquake,0.8120022513252555,1.286294428367903,0.2,6,reviewed
2025-10-16t16:59:30.970z,38.8131675720215,-122.783668518066,0.569999992847443,1.5,md,27,48,0.002333,0.04,earthquake,0.18,0.270000011,0.19,25,automatic
2025-10-07t11:40:05.581z,28.753,-98.46,8.3822,2.2,ml,20,52,0,0.1,earthquake,0.5364433814369403,0.7687911324240774,0,13,reviewed
2025-10-11t05:04:47.240z,35.505,-118.4175,2.55,1.28,ml,31,42,0.164,0.13,earthquake,0.15,0.72,0.185,28,reviewed
2025-10-02t08:23:41.960z,38.833667755127,-122.809669494629,2.22000002861023,0.61,md,14,56,0.01026,0.01,earthquake,0.34,0.639999986,0.33,14,automatic
2025-09-26t19:29:23.657z,53.1416,160.1562,53.071,5,mb,197,52,0.916,0.82,earthquake,8.17,5.43,0.031,332,reviewed
2025-09-25t07:43:49.530z,33.514,-116.5005,14.11,0.51,ml,18,68,0.08713,0.09,earthquake,0.2,0.39,0.115,7,reviewed
2025-10-17t01:05:54.820z,19.701,-154.945666666667,13.77,2.36,ml,6,273,0.07431,0.08,earthquake,1.78,0.52,0.0828891720158311,4,reviewed
2025-09-30t17:24:57.630z,37.584,-121.589166666667,8.6,0.99,md,13,84,0.03082,0.06,earthquake,0.31,0.69,0.219,11,reviewed
2025-10-11t19:56:20.630z,34.0676667,-117.2721667,16.98,2.34,ml,119,18,0.03866,0.17,earthquake,0.1,0.22,0.136,190,reviewed
2025-10-04t06:30:15.980z,38.8348350524902,-122.782997131348,1.83000004291534,0.69,md,7,133,0.006757,0.01,earthquake,0.43,0.639999986,0.24,8,automatic
2025-09-22t14:04:09.040z,60.531,-152.735,4.73,-0.29,ml,4,283,0.04695,0.29,earthquake,1.76,2.39,0.0880784481646107,4,reviewed
2025-09-19t17:27:55.684z,52.6846,160.8776,17.341,4.3,mb,29,120,1.393,1.15,earthquake,8.91,3.593,0.116,21,reviewed
2025-09-20t07:34:03.870z,35.885,-117.7211667,3.94,0.47,ml,17,77,0.0851,0.13,earthquake,0.21,0.47,0.065,7,reviewed
2025-09-18t17:48:00.715z,64.5834,-163.5349,16.426,3.2,ml,29,78,0.561,0.64,earthquake,4.56,6.801,0.051,50,reviewed
2025-10-04t17:27:21.640z,38.7923316955566,-122.75016784668,1.42999994754791,1.92,md,39,45,0.01389,0.07,earthquake,0.2,0.319999993,0.13,36,automatic
2025-10-05t10:12:11.218z,31.85,-101.791,8.8623,1.2,ml,30,85,0.1,0.2,earthquake,0.6571681538131912,1.1235628398715185,0.1,15,reviewed
2025-10-09t12:50:18.550z,35.7123333,-117.5903333,8.34,1.18,ml,32,43,0.1033,0.15,earthquake,0.15,0.61,0.223,21,reviewed
2025-10-12t01:33:44.230z,51.9111666666667,179.5795,7.59,1.73,ml,4,131,0.01595,0.05,earthquake,0.41,0.65,0.197435797430616,5,reviewed
2025-09-23t04:59:20.820z,37.8588333333333,-122.247833333333,7.04,1.74,md,86,27,0.01344,0.07,earthquake,0.08,0.12,0.165,51,reviewed
2025-10-16t11:44:17.440z,33.3418333,-116.3726667,14.12,0.62,ml,34,75,0.01576,0.19,earthquake,0.22,0.42,0.245,12,automatic
2025-10-07t02:26:38.180z,17.8093333333333,-66.8558333333333,7.76,2.56,md,13,233,0.1626,0.13,earthquake,0.52,1.18,0.207915222167811,11,reviewed
2025-10-17t13:20:47.373z,31.602,-104.192,6.0999,2.3,ml,31,67,0.1,0.1,earthquake,0.6718796208840055,0.7943101154120868,0.2,24,reviewed
2025-10-10t08:04:07.550z,38.8199996948242,-122.811332702637,2.82999992370605,1.05,md,19,48,0.00353,0.02,earthquake,0.28,0.560000002,0.06,20,automatic
2025-09-20t20:35:07.490z,34.0941667,-117.2846667,14.29,1.35,ml,75,28,0.01129,0.18,earthquake,0.15,0.29,0.147,26,automatic
2025-09-19t01:12:02.623z,53.3119,160.7704,35,5.1,mb,72,95,1.309,0.79,earthquake,8.56,1.87,0.039,214,reviewed
2025-09-25t08:42:28.457z,11.5904,141.9821,65.291,5.1,mb,112,71,3.447,0.39,earthquake,9.4,5.903,0.05,131,reviewed
2025-10-12t07:05:57.730z,44.57,-112.223166666667,6.93,1.63,ml,18,96,0.1245,0.16,earthquake,0.44,2.16,0.18057148757529,23,reviewed
2025-09-26t16:19:34.279z,31.52,-104.007,6.8176,1.5,ml,33,59,0,0.1,earthquake,0.6669418295729556,0.5121974847357188,0.1,19,reviewed
2025-10-01t03:13:51.990z,38.8311653137207,-122.8125,1.1599999666214,0.77,md,11,86,0.007987,0.01,earthquake,0.35,0.810000002,0.2,13,automatic
2025-09-21t12:26:46.740z,46.38216666666667,-121.83133333333333,8.04,0.72,md,12,239,0.03502,0.13,earthquake,0.69,0.33,0.031982841253807015,4,reviewed
2025-10-16t14:00:32.287z,32.141,-101.993,8.0322,1.6,ml,44,46,0,0.2,earthquake,0.4102213636583809,0.9649246325925332,0.2,23,reviewed
2025-09-22t15:51:40.989z,-37.8796,176.3906,201.428,4.2,mb,34,74,0.719,1.1,earthquake,6.12,5.107,0.128,17,reviewed
2025-10-03t13:38:08.330z,17.956,-66.6976666666667,6,2.29,md,7,160,0.1226,0.06,earthquake,0.33,0.47,0.221744444505653,7,reviewed
2025-09-18t15:28:30.822z,31.998,-103.839,6.6125,1.3,ml,25,78,0,0.2,earthquake,0.658249416564565,0.7998744523772937,0.1,13,reviewed
2025-10-17t18:00:31.850z,29.045,-98.315,3.9556,1.9,ml,4,266,0.2,0.2,earthquake,0,5.195797920227051,0.2,4,automatic
2025-10-07t21:22:41.600z,17.798,-66.8676666666667,7.9,2.45,md,8,268,0.1734,0.15,earthquake,0.8,14.99,0.185777263129109,6,reviewed
2025-10-11t05:08:28.280z,38.8269996643066,-122.765830993652,2.00999999046326,0.7,md,6,128,0.00471,0.02,earthquake,0.59,1.23000002,0.47,9,automatic
2025-10-07t09:01:08.740z,38.7864990234375,-122.746002197266,1.72000002861023,0.45,md,7,120,0.007949,0.01,earthquake,0.35,0.680000007,0.24,8,automatic
2025-10-15t09:48:24.870z,44.385,-110.648333333333,4.06,1.62,md,9,102,0.05269,0.05,earthquake,0.34,0.96,0.0441024094854277,7,reviewed
2025-10-05t02:30:23.900z,36.2493324279785,-120.809829711914,6.01999998092651,0.98,md,7,203,0.03407,0.02,earthquake,0.99,0.49000001,0.12,5,automatic
2025-10-05t10:53:55.456z,32.119,-102.199,5.4932,0.6,ml,14,81,0,0.2,earthquake,1.012043706936018,1.2203438278147773,0.1,6,reviewed
2025-09-17t20:43:53.760z,35.9155,-117.7666667,-1.12,1.27,ml,32,37,0.05346,0.22,quarry blast,0.31,31.61,0.078,21,reviewed
2025-09-18t20:50:55.643z,52.8926,161.048,10,4.7,mb,55,134,1.457,0.69,earthquake,10.84,1.895,0.083,44,reviewed
2025-10-10t09:19:59.160z,60.0196666666667,-153.069333333333,1.09,-0.08,ml,5,93,0.02575,0.21,earthquake,0.45,1.76,0.264944707919887,5,reviewed
2025-10-01t23:17:49.400z,46.341833333333334,-122.81366666666666,-0.49,1.12,ml,9,125,0.1741,0.11,explosion,0.52,31.61,0.10083210471706938,5,reviewed
2025-10-05t09:32:08.540z,47.5471666666667,-113.936,17.09,0.27,ml,8,109,0.05698,0.1,earthquake,0.49,1.07,0.218743049627824,2,reviewed
2025-09-28t06:48:23.970z,47.549166666666665,-122.808,20.09,0.21,ml,5,166,0.01888,0.05,earthquake,0.42,0.74,0.18521320408616065,2,reviewed
2025-09-30t00:41:13.490z,19.259,-155.5105,5.18,2.67,ml,53,92,0.01517,0.27,earthquake,0.35,0.8,0.170366223747735,38,reviewed
2025-10-16t23:07:18.770z,-23.3473,178.8255,573.03,5.1,mb,48,81,5.621,0.7,earthquake,15.18,7.024,0.098,39,reviewed
2025-10-11t09:42:53.330z,60.01,-153.0655,-2.62,-1,ml,5,109,0.02444,0.08,earthquake,0.25,1.47,0.264407865563454,4,reviewed
2025-10-14t05:19:34.480z,38.8346672058105,-122.817169189453,1.26999998092651,0.7,md,17,61,0.01255,0.01,earthquake,0.22,0.540000021,0.23,18,automatic
2025-10-12t23:51:22.570z,33.653,-116.7151667,15.27,0.78,ml,33,59,0.03797,0.16,earthquake,0.22,0.34,0.212,23,reviewed
2025-10-06t03:48:39.910z,47.2768333333333,-114.118833333333,7.89,0.29,ml,7,106,0.08748,0.22,earthquake,0.76,2.19,0.0118543966285265,2,reviewed
2025-10-11t13:51:18.225z,51.0073,-179.8482,35,4.5,mb,41,174,0.651,1.19,earthquake,5.8,1.956,0.045,143,reviewed
2025-10-05t05:53:17.014z,53.2429,159.8431,65.707,5.2,mb,72,119,0.752,0.66,earthquake,10.91,6.651,0.023,622,reviewed
2025-09-27t06:49:20.191z,43.3596,-127.5586,10,3.1,ml,27,291,1.934,1.05,earthquake,10.25,2.026,0.045,64,reviewed
2025-09-23t23:19:26.670z,44.836,-123.92666666666666,-0.15,2.2,ml,19,44,0.0397,0.2,explosion,0.26,31.61,0.1645139024840654,12,reviewed
2025-10-13t12:23:31.530z,35.833,-117.7618333,3.7,0.77,ml,21,65,0.1247,0.19,earthquake,0.27,0.81,0.178,11,reviewed
2025-10-05t15:43:43.000z,47.577666666666666,-122.19766666666666,23.07,1.36,ml,29,89,0.04095,0.21,earthquake,0.29,1.17,0.1482472017268559,17,reviewed
2025-09-22t04:13:43.687z,31.654,-104.359,6.0999,1.9,ml,41,70,0.1,0.2,earthquake,1.3783922855888422,0.5950882182599684,0.2,24,reviewed
2025-10-02t11:54:14.316z,31.581,-104.02,6.8433,2.4,ml,17,64,0,0.1,earthquake,0.4865145799812191,0.4484726189119469,0.1,7,reviewed
2025-10-12t06:22:17.576z,32.335,-101.072,8.9355,1.7,ml,33,55,0.2,0.1,earthquake,0.604409661426325,1.096776226975769,0.2,22,reviewed
2025-09-23t02:39:50.010z,61.135,-152.543166666667,3.25,0.22,ml,11,169,0.1158,0.13,earthquake,0.49,0.34,0.228824968596006,11,reviewed
2025-10-09t04:05:51.680z,56.2831666666667,-159.304333333333,11.36,0.07,ml,6,197,0.05791,0.25,earthquake,0.72,1.47,0.144891314493266,6,reviewed
2025-10-03t21:11:46.570z,33.1623333,-116.4243333,9.08,1.98,ml,78,21,0.0856,0.2,earthquake,0.12,0.46,0.187,26,reviewed
2025-10-11t23:20:50.762z,12.3055,144.4819,10,4.7,mb,37,99,1.33,0.81,earthquake,10.3,1.904,0.093,35,reviewed
2025-10-10t02:11:44.943z,6.9947,126.7969,63.461,5.6,mb,60,74,1.211,0.86,earthquake,6.79,6.215,0.072,67,reviewed
2025-10-03t21:50:20.610z,53.854,-166.788666666667,5.67,-0.35,ml,5,116,0.05083,0.07,earthquake,0.33,0.9,0.270551614789554,5,reviewed
2025-09-24t15:40:46.350z,37.792,-122.220833333333,8.9,1.35,md,23,72,0.01549,0.07,earthquake,0.19,0.48,0.316,19,reviewed
2025-09-22t15:44:53.090z,37.8555,-122.247333333333,7.11,0.86,md,20,72,0.02099,0.06,earthquake,0.41,0.25,0.241,14,reviewed
2025-10-16t10:58:23.410z,33.8913333,-117.2145,13.29,0.76,ml,34,65,0.03059,0.2,earthquake,0.23,0.68,0.208,24,automatic
2025-10-06t18:11:05.463z,-17.5613,-178.4192,529.98,4.3,mb,50,78,2.374,0.69,earthquake,14.24,8.699,0.064,70,reviewed
2025-10-15t20:54:19.450z,33.9293333,-117.1941667,13.32,0.56,ml,11,110,0.0253,0.12,earthquake,0.33,0.59,0.15,8,reviewed
2025-10-12t23:20:23.661z,32.365,-102.169,7.8857,0.8,ml,24,70,0,0.2,earthquake,0.8402142228339692,0.6895184973017853,0,7,reviewed
2025-09-18t22:10:18.095z,52.9089,160.8597,25.026,4.9,mb,73,127,1.341,0.96,earthquake,9.82,5.729,0.05,125,reviewed
2025-09-19t21:12:20.887z,32.145,-101.058,3.0029,1.6,ml,23,72,0.2,0.2,earthquake,0.745195485446135,2.613205594112042,0.1,10,reviewed
2025-10-13t09:16:05.212z,31.67,-104.363,6.6382,1.6,ml,35,77,0.1,0.2,earthquake,0.9779919113844021,0.7878751824333887,0.1,24,reviewed
2025-10-12t20:23:20.510z,38.8208351135254,-122.794166564941,2.71000003814697,1.52,md,31,31,0.01269,0.02,earthquake,0.2,0.389999986,0.14,30,automatic
2025-09-19t19:44:01.290z,46.9353333333333,-113.124166666667,9.71,0.77,ml,8,158,0.0901,0.05,earthquake,0.34,0.69,0.427794623477299,3,reviewed
2025-10-08t11:25:29.405z,28.755,-98.454,8.9001,1.1,ml,12,70,0.1,0.1,earthquake,0.843360101573465,0.7819840790586392,0.2,6,reviewed
2025-10-01t04:22:20.599z,32.147,-101.056,6.0791,1.3,ml,15,80,0.2,0.1,earthquake,0.8102131576304921,2.1870610083693838,0.2,12,reviewed
2025-10-08t13:30:57.990z,44.7965,-110.926,5.63,0.34,md,10,171,0.05438,0.19,earthquake,0.57,1.08,0.119827865444754,5,reviewed
2025-09-19t10:26:02.150z,54.7556666666667,-163.9835,1.9,1.13,ml,7,92,0.04698,0.31,earthquake,0.87,3.6,0.205104710982315,7,reviewed
2025-09-26t06:12:05.382z,31.463,-103.83,4.6259,2.1,ml,49,55,0.1,0.2,earthquake,0.587693049296837,0.8428620523133724,0.2,28,reviewed
2025-09-18t14:45:53.580z,36.6355,-121.267833333333,5.57,0.66,md,14,118,0.04499,0.07,earthquake,0.32,0.84,0.211,11,reviewed
2025-10-04t15:13:03.450z,57.6678333333333,-155.39,13.99,1.03,ml,7,242,0.3882,0.15,earthquake,1.26,2.64,0.21502996852942,7,reviewed
2025-09-19t12:45:53.875z,52.308,160.8673,10,4.3,mb,24,161,1.529,0.93,earthquake,10.44,1.944,0.147,14,reviewed
2025-09-22t10:05:05.290z,45.374833333333335,-121.71716666666667,-1.87,0.71,ml,9,102,0.02742,0.22,earthquake,0.49,0.35,0.1525217104563944,4,reviewed
2025-10-10t14:15:19.020z,38.7709999084473,-122.72566986084,1.11000001430511,0.74,md,5,132,0.009414,0.01,earthquake,1.44,2.77999997,0.08,7,automatic
2025-09-21t08:21:13.220z,52.371,-174.192833333333,-0.16,1.14,ml,5,89,0.01897,0.3,earthquake,0.55,4.81,0.244739840826579,5,reviewed
2025-10-05t05:21:52.840z,51.7888333333333,-178.816,4.74,0.69,ml,5,124,0.02757,0.06,earthquake,0.41,0.73,0.207908839723397,5,reviewed
2025-09-20t23:30:31.418z,52.9716,161.1278,10,4.3,mb,19,187,1.498,1.32,earthquake,7.9,1.988,0.154,12,reviewed
2025-10-07t21:19:11.130z,49.381166666666665,-120.4955,-0.37,2.04,ml,23,184,0.572,0.53,explosion,2.58,31.61,0.13631799363024122,16,reviewed
2025-09-19t16:44:41.040z,33.6986667,-116.8218333,16.99,0.8,ml,20,87,0.07183,0.14,earthquake,0.31,0.55,0.261,19,reviewed
2025-10-16t23:57:40.868z,9.7339,126.2206,67.469,4.8,mb,54,90,2.722,0.99,earthquake,10.69,6.135,0.069,65,reviewed
2025-10-05t01:41:27.290z,18.9638,-67.812,66,3.72,md,24,210,0.7257,0.47,earthquake,3.52,5.23,0.08,19,reviewed
2025-09-25t04:37:41.210z,34.01,-117.1908333,14.74,0.75,ml,37,85,0.06991,0.16,earthquake,0.19,0.45,0.202,28,automatic
2025-10-17t14:09:36.388z,32.107,-101.913,6.5186,0.9,ml,24,53,0.1,0.2,earthquake,0.4139528237797748,0.841283805500502,0.1,15,reviewed
2025-10-14t03:43:39.350z,37.4318351745605,-118.879333496094,3.21000003814697,2.16,md,27,107,0.1629,0.07,earthquake,0.24,2.20000005,0.15,28,automatic
2025-09-18t05:55:40.330z,38.8308334350586,-122.815170288086,1.49000000953674,0.79,md,15,65,0.008427,0.02,earthquake,0.2,0.579999983,0.15,15,automatic
2025-10-12t04:22:22.881z,31.627,-104.344,6.0999,2.2,ml,40,74,0.1,0.2,earthquake,0.7150508344595518,0.6217098969189445,0.2,29,reviewed
2025-10-15t09:24:34.958z,32.906,-100.926,4.541,0.7,ml,9,66,0,0.1,earthquake,0.584438228116778,0.654436387408847,0.2,5,reviewed
2025-09-30t22:15:12.040z,44.7553333333333,-111.089,9.61,1.37,ml,14,68,0.04269,0.17,earthquake,0.38,0.79,0.15529995955776,4,reviewed
2025-10-08t13:01:36.518z,28.758,-98.459,8.2799,1.6,ml,13,59,0,0.1,earthquake,0.5753010764922982,0.7456841586222386,0.1,8,reviewed
2025-09-29t19:58:36.820z,33.0193333,-117.5888333,18.83,2.32,ml,57,114,0.2501,0.16,earthquake,0.24,0.4,0.181,107,reviewed
2025-10-04t18:13:12.790z,33.0288333,-116.2918333,7.68,0.77,ml,24,56,0.07466,0.15,earthquake,0.25,0.56,0.155,25,reviewed
2025-09-19t14:58:19.290z,46.19866666666667,-122.176,7.49,0.06,md,9,102,0.006774,0.1,earthquake,0.43,0.41,0.15362505041001695,6,reviewed
2025-09-30t03:12:36.300z,38.7573318481445,-122.723831176758,2.80999994277954,0.81,md,13,150,0.00433,0.02,earthquake,0.38,0.629999995,0.19,13,automatic
2025-10-07t22:09:35.890z,18.1625,-67.0948333333333,34.81,2.22,md,7,172,0.01571,0.15,earthquake,0.77,1.11,0.154588787068195,7,reviewed
2025-10-10t02:36:18.853z,-3.3261,148.5616,10,4.6,mb,19,130,1.746,0.69,earthquake,10.51,1.874,0.141,15,reviewed
2025-10-03t17:09:39.720z,38.8228340148926,-122.845497131348,1.64999997615814,1.24,md,21,77,0.008181,0.03,earthquake,0.21,0.349999994,0.16,22,automatic
2025-09-17t19:56:15.920z,34.1225,-118.504,8.23,1.75,ml,57,129,0.04375,0.17,earthquake,0.2,0.38,0.17,60,reviewed
2025-09-25t10:06:59.700z,38.8253326416016,-122.803001403809,2.54999995231628,1.4,md,26,41,0.01638,0.02,earthquake,0.21,0.419999987,0.11,26,automatic
2025-10-03t01:35:10.738z,-3.1133,136.2383,10,4,mb,16,58,1.756,0.6,earthquake,5.74,1.922,0.183,8,reviewed
2025-09-19t13:44:33.143z,52.9671,160.3815,35,4.5,mb,25,167,1.048,0.75,earthquake,12.47,1.96,0.145,14,reviewed
2025-10-10t20:13:53.250z,47.964,-122.85383333333333,19.85,0.75,ml,8,112,0.06773,0.23,earthquake,0.76,1.55,0.04832056384466721,3,reviewed
2025-09-28t14:04:59.312z,50.8571,157.174,71.668,4.5,mb,44,143,2.278,0.59,earthquake,10.51,7.654,0.065,69,reviewed
2025-10-10t03:01:53.006z,-7.3482,102.5355,10,4.8,mb,39,71,2.88,0.85,earthquake,8.03,1.888,0.093,36,reviewed
2025-09-21t08:17:41.920z,35.898,-117.6785,2.31,2.02,ml,40,35,0.05478,0.18,earthquake,0.15,0.28,0.133,25,reviewed
2025-10-06t18:35:27.790z,35.8658333,-117.6858333,8.86,0.9,ml,22,64,0.08597,0.14,earthquake,0.21,0.49,0.247,11,reviewed
2025-10-09t09:13:53.080z,44.7371666666667,-112.863666666667,3.68,0.67,ml,7,143,0.09111,0.03,earthquake,0.33,0.63,0.27968638834886,10,reviewed
2025-09-22t09:33:43.770z,38.7696647644043,-122.727996826172,1.28999996185303,1.04,md,9,69,0.008424,0.02,earthquake,0.28,0.449999988,0.22,9,automatic
2025-09-28t22:43:41.360z,33.9501667,-116.6185,12.54,1.3,ml,63,29,0.03657,0.15,earthquake,0.12,0.35,0.122,25,reviewed
2025-09-19t18:17:01.040z,58.386,-154.783166666667,5.43,1.06,ml,16,154,0.01001,0.2,earthquake,0.5,0.65,0.25830801744925,16,reviewed
2025-09-19t21:45:18.843z,52.6727,160.2209,35,4.3,mb,52,162,1.015,0.69,earthquake,10.64,1.965,0.071,57,reviewed
2025-10-09t10:12:11.080z,47.591166666666666,-122.1925,32.31,0.97,ml,13,93,0.02144,0.34,earthquake,1.88,1.23,0.10258660238475709,8,reviewed
2025-09-20t06:56:07.387z,52.9603,161.3886,10,5,mb,106,114,1.657,0.47,earthquake,10.09,1.887,0.053,111,reviewed
2025-09-28t22:54:55.900z,45.952,-122.09083333333334,7.87,0.9500000000000001,ml,13,104,0.1681,0.09,earthquake,0.26,0.36,0.18444441550411406,7,reviewed
2025-10-05t09:11:56.221z,51.1154,178.9218,22.062,4.2,mb,60,219,0.355,0.75,earthquake,5.98,8.4,0.077,47,reviewed
2025-10-01t12:31:36.598z,31.729,-104.081,6.4459,1.7,ml,41,56,0,0.1,earthquake,0.3288486574086566,0.370509180299071,0,6,reviewed
2025-09-26t17:03:14.070z,38.792667388916,-122.756332397461,1.22000002861023,0.94,md,7,136,0.008373,0.01,earthquake,0.45,1.80999994,0.22,7,automatic
2025-10-08t03:50:46.348z,-57.8245,-24.1577,10,5.4,mb,92,87,7.759,1.11,earthquake,7.85,1.853,0.056,107,reviewed
2025-10-01t19:31:58.280z,19.2681666666667,-155.4815,8.01,1.92,ml,40,59,0.0257,0.19,earthquake,0.31,0.61,0.187657716212569,24,reviewed
2025-09-25t15:34:17.871z,53.0564,160.7543,36.957,4.7,mb,67,79,1.271,0.7,earthquake,9.41,6.802,0.052,112,reviewed
2025-10-04t11:33:59.608z,31.883,-101.74,8.7646,1.5,ml,30,50,0,0.2,earthquake,0.4258713832172194,0.694637296913373,0.2,18,reviewed
2025-10-04t08:50:51.330z,37.345,-112.711,3.32,1.44,md,5,124,0.3304,0.07,earthquake,0.35,6.73,0.311312520617422,5,reviewed
2025-09-23t10:14:27.140z,36.0223333,-117.8933333,3.1,0.96,ml,29,39,0.01476,0.15,earthquake,0.18,0.31,0.239,18,reviewed
2025-10-03t23:23:15.270z,36.9356651306152,-121.68049621582,10.5100002288818,1.92,md,36,56,0.07754,0.14,earthquake,0.3,0.639999986,0.26,33,automatic
2025-09-23t16:55:51.090z,48.039,-115.375333333333,4.98,0.85,ml,7,115,0.4168,0.2,earthquake,0.7,11.03,0.202260615432217,6,reviewed
2025-09-26t02:03:30.650z,38.8353333333333,-122.785,2,0.24,md,10,70,0.005182,0.02,earthquake,0.56,0.92,0.294,10,reviewed
2025-10-09t19:47:16.370z,46.3236666666667,-111.599333333333,-2,1.59,ml,11,144,0.3205,0.05,quarry blast,0.41,31.61,0.366117605526391,13,reviewed
2025-10-10t08:42:52.700z,35.4393348693848,-120.720169067383,6.86999988555908,1.55,md,15,79,0.04773,0.04,earthquake,0.31,0.779999971,0.14,7,automatic
2025-09-21t13:24:00.100z,45.0788333333333,-116.438666666667,5.21,1.91,ml,16,68,0.219,0.31,earthquake,0.58,2.22,0.167832904073538,17,reviewed
2025-10-03t20:36:03.627z,51.5767,159.747,37.5,5.2,mww,231,66,1.598,0.57,earthquake,8.59,5.289,0.089,12,reviewed
2025-09-19t19:14:51.080z,32.907,-116.9445,-0.18,1.56,ml,34,62,0.0714,0.29,quarry blast,0.52,31.61,0.192,44,reviewed
2025-09-24t23:43:02.529z,31.678,-104.395,5.8948,1.8,ml,30,69,0,0.2,earthquake,0.8286317637056354,0.7567904081244852,0.1,16,reviewed
2025-09-25t00:04:33.260z,61.1273333333333,-152.533166666667,2.9,0.14,ml,9,266,0.1161,0.13,earthquake,0.65,0.35,0.279241622913587,9,reviewed
2025-09-21t13:50:53.600z,33.0298333,-116.2888333,7.16,0.21,ml,19,56,0.07602,0.19,earthquake,0.31,0.7,0.124,9,reviewed
2025-10-10t20:45:27.230z,58.354,-154.709,5.28,-0.2,ml,7,182,0.05668,0.16,earthquake,0.78,1.13,0.11640254511435,7,reviewed
2025-09-28t14:45:53.341z,-18.1184,-178.2619,606.445,4.2,mb,37,126,2.789,0.76,earthquake,11.54,9.264,0.06,78,reviewed
2025-10-10t06:58:54.870z,34.268,-117.0773333,4.69,1.56,ml,72,30,0.06058,0.15,earthquake,0.13,0.42,0.138,48,reviewed
2025-09-19t10:32:37.363z,32.434,-102.134,5.8838,0.7,ml,14,81,0,0.2,earthquake,1.0965032548710303,0.9317143760720473,0.2,13,reviewed
2025-10-06t13:27:58.880z,35.3536667,-117.7933333,4.36,1.19,ml,41,37,0.09616,0.18,earthquake,0.18,0.51,0.183,26,reviewed
2025-10-16t18:55:49.150z,38.8344993591309,-122.782501220703,1.5,1.11,md,18,74,0.007263,0.03,earthquake,0.22,0.379999995,0.17,18,automatic
2025-09-23t04:05:38.110z,33.1966667,-116.7301667,9.38,0.59,ml,20,40,0.04595,0.2,earthquake,0.26,0.64,0.177,10,automatic
2025-09-24t12:22:39.740z,31.52,-104.019,7.9071,2.4,ml,32,67,0,0.1,earthquake,0.5295496664959534,0.40570517847176074,0,6,reviewed
2025-10-05t07:49:18.230z,33.1405,-115.961,6.07,0.47,ml,9,67,0.03577,0.09,earthquake,0.24,0.36,0.09,7,reviewed
2025-09-21t21:40:18.816z,31.582,-104.02,6.9714,1.2,ml,15,63,0,0.1,earthquake,0.6756562592449452,0.6018890900799074,0.2,15,reviewed
2025-10-04t10:47:13.210z,39.90966796875,-120.627334594727,-0.310000002384186,2.06,md,9,113,0.3374,0.07,earthquake,0.58,7.71000004,0.23,4,automatic
2025-10-14t17:43:41.500z,33.1613333,-116.4226667,9.78,1.67,ml,74,24,0.08481,0.19,earthquake,0.14,0.39,0.17,26,reviewed
2025-10-14t15:54:31.500z,39.2396659851074,-123.251663208008,4.28999996185303,1.36,md,10,93,0.0512,0.06,earthquake,0.37,1.00999999,0.05,6,automatic
2025-09-26t17:33:35.050z,38.7976684570312,-122.750335693359,0.469999998807907,1.03,md,15,96,0.007899,0.03,earthquake,0.24,0.449999988,0.23,14,automatic
2025-09-23t13:24:36.820z,38.8223342895508,-122.845001220703,2.39000010490417,0.98,md,11,104,0.01063,0.01,earthquake,0.35,0.600000024,0.23,15,automatic
2025-10-07t15:46:36.657z,31.651,-104.448,5.7922,1.9,ml,32,67,0,0.3,earthquake,1.1416478475853418,0.675890351264409,0.1,11,reviewed
2025-10-07t05:25:42.750z,35.56,-118.4168333,2.83,1.1,ml,26,67,0.1126,0.13,earthquake,0.16,0.74,0.153,18,reviewed
2025-10-05t06:14:33.980z,31.794,-104.258,4.9207,1.6,ml,38,76,0,0.2,earthquake,0.738824047689928,0.8366876372709781,0.2,13,reviewed
2025-10-06t23:25:34.294z,28.757,-98.455,8.6688,1.3,ml,12,76,0.1,0.1,earthquake,0.8833677173209695,0.8437818990634385,0.2,8,reviewed
2025-10-07t23:44:31.638z,31.662,-104.344,4.7156,1.9,ml,39,69,0.1,0.2,earthquake,0.8334424362625246,1.1516053595756766,0.2,27,reviewed
2025-09-23t12:17:29.400z,34.2308333,-116.615,8.92,0.82,ml,29,51,0.1351,0.12,earthquake,0.14,0.58,0.165,19,reviewed
2025-09-17t20:07:01.750z,33.4580002,-116.268837,26.05,1.59,ml,23,116,0.1013,0.43,earthquake,1.37,0.85,0.139,6,automatic
2025-10-04t14:46:17.029z,32.116,-102.192,6.958,1.7,ml,43,79,0,0.1,earthquake,0.4026202938975363,0.9408200980074388,0.2,30,reviewed
2025-09-27t01:28:15.390z,38.7483333333333,-122.732166666667,1.38,-0.06,md,3,272,0.01061,0.02,earthquake,0.94,0.65,0.392,2,reviewed
2025-09-27t17:34:27.650z,33.8958333,-116.7606667,16.51,0.9,ml,30,41,0.06919,0.18,earthquake,0.23,0.62,0.129,25,reviewed
2025-10-11t12:21:35.660z,46.193,-122.19233333333334,7.74,-0.07,ml,9,113,0.02052,0.14,earthquake,0.49,0.61,0.044552643476511035,4,reviewed
2025-10-15t19:04:28.010z,38.7801666259766,-122.656997680664,6.23000001907349,0.98,md,6,207,0.1015,0.05,earthquake,3.12,8.23999977,0.23,2,automatic
2025-09-21t06:53:06.410z,38.768,-122.725166666667,1.16,0.26,md,9,88,0.006402,0.02,earthquake,0.39,0.44,0.109,5,reviewed
2025-09-28t05:55:16.360z,35.8806667,-117.7031667,4.04,0.82,ml,26,58,0.07961,0.11,earthquake,0.13,0.33,0.131,15,reviewed
2025-10-11t07:07:46.600z,34.0518333,-117.2586667,15.21,0.91,ml,47,54,0.097,0.17,earthquake,0.2,0.33,0.237,33,reviewed
2025-09-30t19:49:34.200z,19.331,-155.174666666667,6.48,2.21,ml,55,88,0.04846,0.11,earthquake,0.25,0.36,0.23132561122037,40,reviewed
2025-10-04t06:51:27.180z,37.231,-112.8165,11.3,0.91,md,7,92,0.2141,0.12,earthquake,0.49,2.64,0.373409038057087,6,reviewed
2025-10-09t08:46:08.530z,53.5338333333333,-167.005166666667,25.24,0.47,ml,7,215,0.2709,0.08,earthquake,1.13,1.58,0.214421842028796,7,reviewed
2025-09-30t03:04:36.457z,33.9874,-108.6069,9.541,1.8,ml,14,100,0.689,0.51,earthquake,2.29,8.613,0.077,22,reviewed
2025-09-21t23:03:52.374z,32.37,-101.06,7.9346,1.3,ml,21,73,0.2,0.3,earthquake,1.5973872693426774,1.6997492919256867,0.1,12,reviewed
2025-10-06t06:57:37.464z,53.2334,160.7879,35,4.7,mb,52,116,1.305,0.62,earthquake,9.93,1.91,0.066,69,reviewed
2025-10-16t00:43:23.318z,-6.9906,125.181,549.668,4.3,mb,23,69,2.892,0.7,earthquake,9.67,11.379,0.201,7,reviewed
2025-09-20t02:13:23.100z,52.8885,160.3588,35,4.3,mb,23,137,1.043,1.04,earthquake,11.4,1.946,0.148,13,reviewed
2025-10-10t05:21:31.240z,51.947,-177.156,12.95,1.01,ml,4,269,0.02352,0.08,earthquake,1.37,0.78,0.399484491132874,4,reviewed
2025-10-16t15:17:10.630z,35.3565,-117.7906667,6.07,0.97,ml,32,75,0.09967,0.16,earthquake,0.18,0.58,0.11,20,automatic
2025-09-24t19:29:13.860z,44.53816666666667,-117.4265,-1.46,1.86,ml,7,102,0.3258,0.46,explosion,1.82,31.61,0.04327668598269918,2,reviewed
2025-09-23t11:20:55.990z,37.8545,-122.247,7.02,2.01,md,90,17,0.01781,0.08,earthquake,0.11,0.15,0.195,53,reviewed
2025-09-18t10:18:47.340z,57.948,-155.852833333333,8.19,0.42,ml,9,151,0.1816,0.12,earthquake,0.97,0.62,0.186279625296939,11,reviewed
2025-10-05t04:07:14.700z,38.8178329467773,-122.794830322266,3.03999996185303,0.78,md,17,44,0.009857,0.02,earthquake,0.27,0.550000012,0.14,18,automatic
2025-09-24t13:36:08.660z,38.7573318481445,-122.731330871582,1.55999994277954,0.8,md,9,138,0.00661,0.02,earthquake,0.64,0.560000002,0.16,8,automatic
2025-10-08t03:04:52.550z,33.6895,-116.7161667,15.01,0.57,ml,36,46,0.02479,0.14,earthquake,0.2,0.35,0.152,12,reviewed
2025-09-21t20:37:27.323z,32.103,-101.913,9.0088,1.3,ml,35,38,0.1,0.1,earthquake,0.3068405176854364,0.6765251501240537,0.1,25,reviewed
2025-10-02t01:25:19.140z,60.0226666666667,-153.093333333333,0.28,-1.01,ml,5,116,0.03786,0.18,earthquake,0.4,2.35,0.359406635891984,5,reviewed
2025-10-02t20:43:33.560z,46.20666666666666,-122.1695,8.8,0.52,ml,18,90,0.01286,0.14,earthquake,0.39,0.48,0.22634353853532818,7,reviewed
2025-09-19t08:14:12.760z,44.8035,-111.533333333333,12.63,0.14,ml,10,101,0.02011,0.21,earthquake,0.48,1.02,0.268625473932626,7,reviewed
2025-09-22t18:38:36.807z,-15.9789,-75.4902,10,4.6,mb,29,139,4.179,0.62,earthquake,11.47,1.906,0.129,18,reviewed
2025-10-10t06:34:56.160z,60.022,-153.078,1.47,-0.25,ml,5,101,0.03043,0.24,earthquake,0.52,0.71,0.25296203414797,5,reviewed
2025-09-17t23:28:00.300z,36.675,-121.352333333333,1.66,1.16,md,25,48,0.03273,0.11,earthquake,0.19,0.49,0.322,18,reviewed
2025-09-28t22:48:30.790z,39.3156,29.0345,10,4.5,mb,25,50,1.509,0.8,earthquake,4.29,1.33,0.104,27,reviewed
2025-10-04t16:35:01.670z,36.481,-89.5441666666667,8.99,1.56,md,22,59,0.05791,0.02,earthquake,0.52,0.71,0.0930269529605248,17,reviewed
2025-09-21t07:04:55.200z,54.7106666666667,-164.004833333333,4.09,1.15,ml,5,206,0.00461,0.14,earthquake,0.7,0.76,0.250362276149867,5,reviewed
2025-10-02t01:07:03.110z,61.325,-152.241166666667,0.2,-0.3,ml,8,151,0.07267,0.07,earthquake,0.28,2.31,0.183605697184228,9,reviewed
2025-10-10t08:48:28.200z,32.121,-102.169,5.6396,0.5,ml,17,75,0,0.2,earthquake,0.7575758554801937,0.6677104931214215,0.1,10,reviewed
2025-09-18t19:55:42.853z,52.9347,160.8045,35,4.6,mb,46,160,1.306,0.74,earthquake,12.47,1.961,0.087,40,reviewed
2025-09-21t13:05:29.140z,60.0075,-153.067666666667,-0.2,-1.24,ml,4,168,0.02623,0.03,earthquake,0.27,1.81,0.429900995991042,4,reviewed
2025-09-20t20:58:47.240z,31.736,-104.25,6.4587,1.1,ml,19,77,0,0.1,earthquake,0.9410779467351326,0.726440770150915,0.1,23,reviewed
2025-09-21t21:43:44.960z,19.3075,-155.4235,28.93,2.01,ml,50,63,0.04406,0.13,earthquake,0.37,0.49,0.213666818636779,29,reviewed
2025-09-26t00:02:12.020z,33.6866667,-117.3033333,17.05,1.44,ml,51,45,0.02218,0.17,earthquake,0.19,0.38,0.255,28,automatic
2025-09-28t23:00:40.470z,38.8216667175293,-122.838500976562,1.55999994277954,0.32,md,8,143,0.003073,0.01,earthquake,0.42,0.939999998,0.2,8,automatic
2025-10-07t04:18:28.010z,45.37866666666667,-121.69733333333333,-1.39,0.38,ml,5,121,0.02091,0.14,earthquake,0.7,0.69,0.038808162171517724,3,reviewed
2025-10-01t12:26:15.480z,44.7986666666667,-110.848166666667,4.95,1.72,ml,18,109,0.01047,0.2,earthquake,0.36,0.42,0.185652911509889,4,reviewed
2025-09-25t08:59:30.250z,33.5295,-116.7266667,5.41,1,ml,57,28,0.03689,0.17,earthquake,0.12,0.36,0.203,26,reviewed
2025-09-19t06:41:22.700z,46.7145,-120.75433333333334,6.19,0.87,ml,9,113,0.05193,0.14,earthquake,0.41,0.83,0.15304750079758567,5,reviewed
2025-10-15t00:05:12.567z,-17.6567,-71.6652,53.676,4,mb,22,133,1.446,0.91,earthquake,3.62,11.765,0.212,6,reviewed
2025-10-15t12:29:38.180z,46.20583333333333,-122.19016666666667,6.21,-0.15,ml,9,107,0.006074,0.07,earthquake,0.47,0.68,0.03292371490743373,3,reviewed
2025-09-21t14:37:21.951z,31.509,-103.846,2.2034,1.5,ml,25,62,0.1,0.2,earthquake,0.6304031502197591,2.456957483902566,0,6,reviewed
2025-10-04t16:10:49.698z,28.833,-99.044,5.7241,2.1,ml,19,85,0.1,0.4,earthquake,2.4051609230813025,1.2280365836569016,0.1,12,reviewed
2025-10-09t20:56:12.830z,33.7105,-117.3308333,-0.54,1.14,ml,28,44,0.0606,0.18,quarry blast,0.32,31.61,0.14,46,reviewed
2025-09-18t22:53:41.465z,-3.6274,135.5228,10,5,mb,48,33,1.325,1.17,earthquake,6.4,1.811,0.075,57,reviewed
2025-10-04t22:41:23.780z,44.5758333333333,-112.213666666667,7.38,1.16,ml,13,115,0.1303,0.16,earthquake,0.7,2.24,0.0576117202675107,12,reviewed
2025-09-23t21:27:02.444z,49.8278,155.7767,84.682,4.5,mb,60,124,3.498,0.73,earthquake,9.84,6.766,0.06,82,reviewed
2025-10-07t02:09:32.450z,17.8211666666667,-66.8558333333333,7.71,2.22,md,9,230,0.1509,0.13,earthquake,0.65,1.26,0.22121873018803,7,reviewed
2025-09-28t13:25:44.260z,34.0516667,-116.9726667,13.88,0.82,ml,43,51,0.05175,0.14,earthquake,0.16,0.36,0.195,28,reviewed
2025-10-07t07:35:31.075z,28.75,-98.462,8.52,1.2,ml,10,58,0.1,0.1,earthquake,0.9309701131143424,1.0438039973092947,0.1,5,reviewed
2025-09-30t20:56:52.090z,17.921,-65.9731666666667,12.88,1.55,md,5,262,0.1073,0.08,earthquake,0.65,0.94,0.116052244357099,4,reviewed
2025-09-22t13:35:48.080z,57.0313333333333,-135.632166666667,6.35,0.87,ml,5,187,0.04393,0.09,earthquake,1.1,0.97,0.253817227821661,5,reviewed
2025-09-23t03:36:47.911z,-40.1291,-74.9702,9.65,5.2,mww,43,154,1.212,1.28,earthquake,7.8,5.928,0.059,28,reviewed
2025-10-04t11:37:43.974z,-21.9558,-68.6536,122.224,4.2,mb,17,112,0.569,0.66,earthquake,5.94,5.904,0.152,13,reviewed
2025-09-25t17:12:08.240z,38.7981666666667,-122.749666666667,1.62,0.38,md,17,97,0.008224,0.03,earthquake,0.27,0.41,0.165,14,reviewed
2025-09-29t22:07:26.700z,37.5883333333333,-122.464333333333,9.54,0.95,md,14,91,0.03011,0.06,earthquake,0.31,0.43,0.423,9,reviewed
2025-10-11t20:36:09.101z,31.623,-104.346,6.0999,1.5,ml,22,76,0.1,0.1,earthquake,0.6167770939760644,0.9897235903607371,0.2,12,reviewed
2025-10-13t00:03:49.491z,28.761,-98.462,8.8457,1.5,ml,15,54,0,0.1,earthquake,0.4812753513339937,0.5996584931560187,0.2,9,reviewed
2025-09-18t21:36:40.835z,52.3269,160.7187,10,5.6,mb,99,118,1.44,1.19,earthquake,7.64,1.854,0.031,352,reviewed
2025-09-21t10:06:12.150z,60.0766666666667,-152.970166666667,1.03,0.12,ml,5,303,0.05071,0.13,earthquake,0.81,0.35,0.180768763487748,5,reviewed
2025-09-19t08:09:37.417z,52.2378,160.6673,10,4.8,mb,46,123,1.46,1.19,earthquake,9.77,1.893,0.075,55,reviewed
2025-09-29t09:19:20.550z,35.6715,-117.4825,7.29,0.94,ml,29,48,0.04829,0.17,earthquake,0.23,0.59,0.154,13,reviewed
2025-09-30t21:51:11.040z,35.9631667,-117.6728333,2.52,1,ml,20,54,0.02375,0.14,earthquake,0.2,0.22,0.188,20,reviewed
2025-09-24t18:12:58.618z,32.105,-101.946,8.374,0.9,ml,33,47,0,0.2,earthquake,0.5262083315259739,1.0046824312019975,0.2,17,reviewed
2025-10-14t12:03:23.350z,38.8381652832031,-122.806335449219,2.28999996185303,1.09,md,15,117,0.01249,0.03,earthquake,0.41,0.50999999,0.17,14,automatic
2025-09-19t17:16:35.980z,46.8823333333333,-112.529833333333,12.9,0.73,ml,9,122,0.05507,0.15,earthquake,1,0.93,0.345088724724599,5,reviewed
2025-09-27t01:14:00.436z,31.654,-104.473,7.4072,1.9,ml,31,72,0,0.2,earthquake,1.1186580825667831,0.6679102925634905,0.1,15,reviewed
2025-10-06t04:58:20.760z,35.5306666666667,-85.0395,14.34,2.09,md,12,93,0.05832,0.06,earthquake,0.59,0.51,0.0728923444875185,10,reviewed
2025-10-13t04:13:35.030z,40.0748329162598,-123.684829711914,22.0599994659424,2.11,md,27,57,0.04505,0.11,earthquake,0.28,0.49000001,0.11,22,automatic
2025-10-14t13:05:48.308z,43.643,147.7374,101.775,4.4,mb,64,137,3.741,0.57,earthquake,9.08,7.932,0.067,65,reviewed
2025-09-25t13:23:55.070z,61.3395,-152.519833333333,5.27,-0.24,ml,6,191,0.06892,0.06,earthquake,0.68,1.43,0.158125500139884,7,reviewed
2025-10-03t09:16:50.990z,44.5778333333333,-112.217333333333,7.71,0.83,ml,16,114,0.1274,0.08,earthquake,0.31,1.29,0.0840296837307355,9,reviewed
2025-10-17t00:22:20.280z,36.8026657104492,-121.514503479004,2.6800000667572,1.24,md,14,71,0.01815,0.1,earthquake,0.32,0.670000017,0.21,9,automatic
2025-10-12t23:58:55.610z,33.187,-115.6045,4.31,1.26,ml,18,130,0.01333,0.19,earthquake,0.35,0.29,0.204,13,reviewed
2025-09-21t04:03:36.230z,33.1738333,-116.1196667,10.21,0.7,ml,41,37,0.04432,0.23,earthquake,0.25,0.47,0.122,11,automatic
2025-09-23t05:48:44.910z,38.8059997558594,-122.77433013916,1.6599999666214,0.74,md,8,75,0.008786,0.02,earthquake,0.56,1.16999996,0.13,9,automatic
2025-10-05t10:44:33.440z,34.3216667,-116.8566667,5.65,1.26,ml,48,38,0.03571,0.14,earthquake,0.12,0.3,0.206,27,reviewed
2025-10-13t03:26:45.080z,38.8366661071777,-122.78466796875,2.04999995231628,0.83,md,12,131,0.004762,0.03,earthquake,0.33,0.569999993,0.28,14,automatic
2025-10-10t02:15:04.887z,-24.0734,-177.0863,132.531,5.1,mb,26,127,11.551,1.34,earthquake,14.09,8.063,0.095,37,reviewed
2025-09-30t04:30:20.320z,59.9816666666667,-153.078333333333,1.41,-0.27,ml,5,130,0.02508,0.08,earthquake,0.33,0.29,0.261446091347775,5,reviewed
2025-10-05t21:32:01.280z,38.8279991149902,-122.814834594727,2.22000002861023,1.07,md,19,44,0.005913,0.02,earthquake,0.22,0.430000007,0.17,19,automatic
2025-10-06t05:54:48.070z,38.7908325195312,-122.780166625977,2.08999991416931,1.04,md,9,120,0.006495,0.01,earthquake,0.42,0.660000026,0.18,9,automatic
2025-10-03t08:31:09.020z,38.8230018615723,-122.842163085938,1.75,1.08,md,12,108,0.005573,0.01,earthquake,0.29,0.550000012,0.15,19,automatic
2025-09-21t02:58:57.350z,39.3723333333333,-111.308666666667,15.33,1.15,md,11,86,0.1087,0.15,earthquake,0.53,1.27,0.430216907469822,11,reviewed
2025-09-27t21:13:49.170z,49.4585,-120.5155,4.47,1.8900000000000001,ml,8,226,0.5973,0.58,explosion,2.28,31.61,0.08972072978177648,6,reviewed
2025-09-26t22:28:24.252z,35.0357,104.6911,10,4.8,mb,57,50,1.226,0.96,earthquake,6.54,1.852,0.063,77,reviewed
2025-09-30t19:43:09.951z,31.564,-104.135,6.1127,1.7,ml,33,67,0,0.1,earthquake,0.4577779604077296,0.39023984470479395,0.1,23,reviewed
2025-09-27t22:22:34.830z,46.19283333333333,-122.19866666666667,7.21,0.2,ml,12,123,0.01174,0.15,earthquake,0.5,0.67,0.021532526616932265,4,reviewed
2025-09-28t12:41:26.210z,38.7955017089844,-122.719833374023,2.46000003814697,1.04,md,11,105,0.01801,0.02,earthquake,0.32,0.99000001,0.16,11,automatic
2025-10-12t18:27:48.451z,56.9192,-33.5127,10,4.6,mb,39,109,7.464,0.51,earthquake,10.2,1.922,0.098,31,reviewed
2025-10-08t22:51:57.270z,46.19,-122.1975,6.71,0.12,ml,9,127,0.01971,0.13,earthquake,0.5,1.19,0.0725582468289749,4,reviewed
2025-09-30t01:40:56.150z,37.0653333,-117.925,0.42,2.47,ml,12,72,0.2443,0.2,earthquake,0.34,1.53,0.147,12,reviewed
2025-09-18t05:25:46.040z,46.88766666666667,-121.90283333333333,9.45,0.85,ml,32,64,0.03239,0.11,earthquake,0.21,0.34,0.14745453035389944,19,reviewed
2025-09-22t05:46:06.309z,-22.6455,170.4294,10,4.9,mb,38,104,2.756,0.92,earthquake,7.79,1.443,0.101,31,reviewed
2025-09-27t13:20:59.520z,38.8308334350586,-122.818832397461,1.70000004768372,1.15,md,18,53,0.0101,0.01,earthquake,0.23,0.409999996,0.17,19,automatic
2025-09-25t00:09:08.434z,30.892,-103.461,1.8958,1.5,ml,23,69,0.1,0.2,earthquake,0.7980771854752239,1.1117039834534146,0.2,14,reviewed
2025-09-19t04:11:31.941z,52.9154,160.7317,35,4.5,mb,64,134,1.264,0.55,earthquake,8.6,1.888,0.073,55,reviewed
2025-10-08t01:30:52.524z,28.749,-98.454,7.9304,1.4,ml,13,75,0.1,0.1,earthquake,0.7208295694371095,0.8453340730756157,0,7,reviewed
2025-09-26t11:52:44.727z,79.469,-17.5386,10,4.9,mb,84,43,2.154,0.8,earthquake,2.7,1.89,0.032,307,reviewed
2025-10-01t06:39:13.860z,61.3228333333333,-152.281666666667,-0.88,-0.03,ml,10,127,0.07747,0.07,earthquake,0.21,4.25,0.210372428674233,11,reviewed
2025-10-14t11:10:54.911z,47.5791,-70.2801,13.376,1.7,ml,4,106,0.043,0.32,earthquake,9.5,5.423,0.148,6,reviewed
2025-10-04t21:46:07.340z,46.8535,-121.77066666666667,1.78,0.15,ml,7,89,0.01552,0.06,earthquake,0.36,0.62,0.0824572865085175,3,reviewed
2025-09-22t03:38:18.890z,38.7773323059082,-122.756332397461,-0.0500000007450581,2.34,md,42,35,0.009886,0.07,earthquake,0.15,0.25999999,0.16,50,automatic
2025-09-24t16:31:07.370z,46.5445,-111.980833333333,-2,1.41,ml,11,68,0.06126,0.11,quarry blast,0.32,31.61,0.245920631678009,16,reviewed
2025-10-16t22:11:02.940z,6.8254,127.1758,10.481,4.8,mb,37,66,1.604,1.22,earthquake,4.56,4.64,0.098,33,reviewed
2025-10-06t23:58:12.387z,3.3406,127.3639,38.097,4.7,mb,47,88,2.334,0.72,earthquake,6.75,7.625,0.096,33,reviewed
2025-10-04t19:17:05.040z,38.8196678161621,-122.811668395996,2.65000009536743,0.77,md,16,63,0.003925,0.02,earthquake,0.28,0.620000005,0.14,17,automatic
2025-09-28t18:42:37.740z,44.5788333333333,-112.2325,6.36,1.76,ml,20,85,0.1165,0.1,earthquake,0.32,1.62,0.168130364356065,38,reviewed
2025-09-24t15:32:35.090z,40.1263333333333,-123.819166666667,22.51,1.36,md,29,51,0.03045,0.12,earthquake,0.29,0.4,0.115,11,reviewed
2025-09-28t12:49:14.530z,60.0295,-153.162,11.72,-0.71,ml,5,213,0.03211,0.14,earthquake,1.06,0.86,0.292458678080205,5,reviewed
2025-10-10t14:05:34.700z,59.3651666666667,-153.442333333333,0.02,-0.27,ml,5,151,0.002846,0.04,earthquake,0.23,0.19,0.321303847567324,5,reviewed
2025-10-11t07:21:48.950z,38.821834564209,-122.841499328613,1.74000000953674,0.68,md,9,99,0.01329,0.02,earthquake,0.36,0.649999976,0.26,10,automatic
2025-09-19t20:11:50.944z,53.1268,161.1155,29.163,4.7,mb,143,62,1.491,0.73,earthquake,8.75,5.062,0.044,159,reviewed
2025-09-22t05:14:58.819z,31.601,-104.19,6.0999,0.9,ml,25,67,0.1,0.1,earthquake,0.7254159729586555,0.8797839588560622,0.2,25,reviewed
2025-09-23t18:54:28.890z,34.99,-118.1903333,-0.91,1.28,ml,14,58,0.1153,0.2,quarry blast,0.46,31.61,0.164,16,reviewed
2025-10-14t21:43:38.900z,19.0725,-155.3575,31.97,2.17,ml,53,206,0.1288,0.12,earthquake,0.42,0.59,0.252414079649909,30,reviewed
2025-10-04t10:36:49.449z,32.477,-101.162,3.8574,1.1,ml,18,63,0.1,0.2,earthquake,0.7752575079581142,0.9097312972195252,0.2,8,reviewed
2025-09-23t07:17:16.770z,33.5326667,-116.7213333,4.5,1.1,ml,65,32,0.07841,0.2,earthquake,0.14,0.42,0.157,28,reviewed
2025-09-20t17:10:53.610z,61.022,-152.386,8.31,-0.04,ml,6,160,0.1757,0.05,earthquake,0.66,1.95,0.217737375404157,6,reviewed
2025-09-18t16:24:18.470z,36.3331667,-118.669,20.89,1.3,ml,18,89,0.1539,0.14,earthquake,0.27,0.77,0.198,14,reviewed
2025-10-10t19:41:12.350z,33.3021667,-116.3215,9.64,0.89,ml,40,49,0.0454,0.19,earthquake,0.22,0.37,0.129,21,automatic
2025-10-02t10:39:11.504z,29.046,-97.892,7.8807,1.1,ml,11,74,0.1,0.2,earthquake,0.8701014058568098,1.056306561703618,0.1,7,reviewed
2025-10-10t03:10:18.216z,6.914,126.9212,63.644,4.8,mb,44,63,1.341,1.17,earthquake,8.26,5.624,0.087,41,reviewed
2025-10-05t20:15:00.282z,32.441,-102.071,8.4473,1.5,ml,36,87,0,0.1,earthquake,0.4760065478279792,0.7173309082522369,0.1,16,reviewed
2025-09-18t22:13:34.800z,34.118,-118.2076667,8.16,1.2,ml,10,108,0.05643,0.1,earthquake,0.65,0.74,0.361,31,automatic
2025-10-10t09:34:21.530z,38.8206672668457,-122.84033203125,1.66999995708466,1.09,md,11,112,0.00481,0.02,earthquake,0.33,0.49000001,0.28,12,automatic
2025-10-07t07:41:36.150z,38.8224983215332,-122.798667907715,3.30999994277954,0.25,md,8,141,0.01475,0.01,earthquake,0.61,1.95000005,0.04,8,automatic
2025-09-18t08:59:04.320z,38.7908325195312,-122.748832702637,2.99000000953674,0.29,md,7,87,0.01213,0.02,earthquake,0.4,1.42999995,0.08,7,automatic
2025-10-04t03:10:46.620z,38.7888336181641,-122.768669128418,1.96000003814697,1.09,md,15,79,0.01566,0.02,earthquake,0.3,0.529999971,0.23,15,automatic
2025-09-28t06:29:38.040z,45.0665,-112.916333333333,4.45,1.76,ml,25,52,0.2436,0.16,earthquake,0.34,3.74,0.163948660155436,24,reviewed
2025-10-01t05:00:36.590z,38.84033203125,-122.879669189453,2.84999990463257,1.05,md,13,134,0.003629,0.01,earthquake,0.39,0.600000024,0.11,14,automatic
2025-09-29t20:49:17.360z,61.3088333333333,-152.31,1.35,0.47,ml,9,122,0.05826,0.13,earthquake,0.33,0.89,0.211946291270437,10,reviewed
2025-10-13t14:33:34.760z,33.3013333,-116.3233333,9.73,0.89,ml,39,97,0.04458,0.18,earthquake,0.23,0.37,0.176,17,automatic
2025-09-24t20:32:46.453z,31.532,-104.017,7.1252,1.7,ml,38,57,0,0.2,earthquake,0.6051530094243394,0.4705022888835594,0.1,18,reviewed
2025-09-24t01:55:45.970z,32.118,-101.041,6.0303,1.1,ml,13,75,0.2,0.1,earthquake,0.9230614231386998,2.684520761625492,0.1,7,reviewed
2025-09-26t11:48:53.550z,28.818,-99.078,9.2617,2.2,ml,13,86,0.1,0.2,earthquake,2.594291116118314,2.033225604127827,0.1,7,reviewed
2025-10-05t15:51:09.210z,36.0131683349609,-120.572998046875,2.07999992370605,0.99,md,11,176,0.02974,0.04,earthquake,0.55,0.930000007,0.11,3,automatic
2025-09-26t07:56:41.480z,60.1026666666667,-153.0345,10.39,-0.18,ml,5,303,0.04775,0.05,earthquake,1.16,0.61,0.132159185902787,5,reviewed
2025-10-02t18:11:54.530z,51.5604,160.023,10,4.7,mb,56,144,1.691,0.89,earthquake,9.93,1.928,0.065,71,reviewed
2025-10-11t06:01:42.350z,38.8186683654785,-122.782997131348,1.58000004291534,0.61,md,7,119,0.005695,0.01,earthquake,0.49,1.30999994,0.18,8,automatic
2025-10-07t23:34:25.807z,31.656,-104.453,5.6384,2.5,ml,34,72,0,0.2,earthquake,0.8334488700219015,0.4838298806711072,0.1,23,reviewed
2025-10-05t14:32:00.130z,-30.5664,-178.0315,81.21,5,mww,44,75,7.61,0.9,earthquake,11.69,6.853,0.098,10,reviewed
2025-09-20t08:37:55.149z,32.191,-101.397,6.3232,1.1,ml,22,76,0.1,0.2,earthquake,0.398578582408115,0.7755089557970924,0.1,12,reviewed
2025-10-10t07:42:33.300z,32.9725,-115.8945,10.33,1.82,ml,55,29,0.08412,0.25,earthquake,0.23,0.63,0.224,57,reviewed
2025-09-21t21:00:45.880z,33.9023333,-116.8925,15.38,0.8,ml,31,66,0.1047,0.17,earthquake,0.23,0.57,0.132,31,automatic
2025-10-05t10:51:14.940z,33.027,-116.302,6.53,2.58,ml,100,25,0.07221,0.2,earthquake,0.12,0.52,0.132,175,reviewed
2025-09-26t15:29:12.130z,58.2471666666667,-155.132833333333,29.14,0.87,ml,10,137,0.04715,0.08,earthquake,0.35,0.49,0.23202049187544,10,reviewed
2025-09-19t13:35:33.606z,-30.9936,-178.1587,41.804,4.4,mb,22,140,7.175,0.81,earthquake,15.84,9.98,0.13,17,reviewed
2025-09-26t13:49:46.720z,32.42,-101.77,6.2256,0.8,ml,16,67,0,0.1,earthquake,0.4741214808354041,0.5935647886390565,0.2,10,reviewed
2025-10-06t10:37:30.310z,33.7776667,-116.032,7.34,0.76,ml,34,55,0.1271,0.14,earthquake,0.18,0.89,0.139,7,reviewed
2025-09-30t15:25:20.650z,38.8388328552246,-122.835830688477,1.54999995231628,0.32,md,13,110,0.0003624,0.02,earthquake,0.3,0.430000007,0.24,12,automatic
2025-09-30t20:20:14.017z,11.4659,123.8779,10,4.5,mb,38,132,4.68,0.97,earthquake,13.68,1.91,0.101,29,reviewed
2025-10-03t04:05:28.740z,44.5725,-112.213666666667,5.39,0.97,ml,16,96,0.1307,0.12,earthquake,0.41,3.07,0.0870167028736671,10,reviewed
2025-10-05t22:42:57.565z,-33.3296,-70.2239,6.85,4.2,mb,31,57,0.107,0.99,earthquake,1.83,2.301,0.2,7,reviewed
2025-09-19t07:50:02.160z,38.824333190918,-122.842163085938,1.51999998092651,0.65,md,7,112,0.01193,0.01,earthquake,0.67,1.52999997,0.16,8,automatic
2025-09-22t00:10:52.380z,38.8248329162598,-122.794334411621,2.63000011444092,1.09,md,22,83,0.01238,0.02,earthquake,0.27,0.340000004,0.1,22,automatic
2025-10-02t14:38:21.821z,53.2181,159.9148,63.101,4.5,mb,82,126,0.787,0.68,earthquake,8.21,5.808,0.059,84,reviewed
2025-09-27t22:12:49.949z,43.461,-127.1422,10,5.1,mww,67,186,1.634,1.27,earthquake,6.47,1.97,0.066,22,reviewed
2025-10-09t15:24:04.408z,51.5117,158.4334,35,4.5,mb,78,129,1.52,1.11,earthquake,9.03,1.931,0.065,73,reviewed
2025-10-13t07:17:48.160z,38.8154983520508,-122.783668518066,1.62999999523163,1.39,md,19,55,0.00323,0.03,earthquake,0.21,0.409999996,0.25,19,automatic
2025-09-26t00:12:45.690z,58.0873333333333,-156.3,12.35,0.4,ml,11,188,0.2816,0.27,earthquake,0.93,1.03,0.146257641883985,10,reviewed
2025-10-02t17:35:53.830z,38.8156661987305,-122.806335449219,2.70000004768372,1.53,md,24,40,0.01155,0.08,earthquake,0.27,0.529999971,0.14,24,automatic
2025-10-11t17:23:44.030z,47.3763333333333,-113.870833333333,17.47,0.95,ml,16,107,0.1589,0.14,earthquake,0.4,1.01,0.310797849382487,6,reviewed
2025-10-09t19:55:48.880z,53.8503333333333,-166.9485,3.58,-0.28,ml,6,242,0.04255,0.12,earthquake,0.61,1.01,0.159442923556888,6,reviewed
2025-09-28t23:49:19.133z,31.703,-104.18,6.7664,1.8,ml,21,87,0.1,0.2,earthquake,0.5264714376933795,0.6778606099377138,0.2,17,reviewed
2025-09-18t06:59:05.980z,18.7423333333333,-66.5418333333333,55.04,3,md,22,240,0.2641,0.11,earthquake,0.55,0.66,0.070469512970915,4,reviewed
2025-10-17t03:36:00.100z,34.0438333,-117.2298333,6.77,1.01,ml,51,46,0.07555,0.17,earthquake,0.15,0.43,0.234,31,automatic
2025-09-29t00:57:11.820z,33.5908333,-116.7338333,12.25,0.79,ml,42,40,0.02553,0.15,earthquake,0.16,0.35,0.121,16,reviewed
2025-10-05t18:56:58.050z,32.5826667,-117.057,13.87,1.36,ml,20,117,0.1099,0.13,earthquake,0.25,0.6,0.211,6,reviewed
2025-10-09t05:29:05.340z,17.881,-66.8463333333333,16.43,2.18,md,6,242,0.09327,0.13,earthquake,1.16,0.73,0.180168143659896,3,reviewed
2025-10-01t05:56:39.420z,38.8001670837402,-122.766670227051,3.83999991416931,1.05,md,20,81,0.005456,0.02,earthquake,0.31,0.639999986,0.14,21,automatic
2025-10-03t08:16:42.730z,58.211,-155.201,5.56,-0.52,ml,4,166,0.0639,0.13,earthquake,0.57,1.31,0.215569832625073,4,reviewed
2025-09-19t09:39:01.134z,-28.3973,-69.1358,97.573,4.6,mb,91,42,1.496,0.77,earthquake,6.97,7.34,0.046,139,reviewed
2025-09-21t14:39:53.617z,52.713,161.1142,10,4.6,mb,40,113,1.526,0.98,earthquake,5.89,1.881,0.051,114,reviewed
2025-10-01t00:51:49.090z,28.829,-99.081,7.3514,1.7,ml,13,85,0.1,0.4,earthquake,2.566324584220807,1.5585761901398174,0.1,6,reviewed
2025-09-26t14:20:10.870z,59.9958333333333,-153.099166666667,1.42,-0.6,ml,5,103,0.0252,0.07,earthquake,0.5,0.54,0.171999017646598,5,reviewed
2025-10-03t23:02:44.803z,9.3055,126.5546,46.429,4.6,mb,43,131,2.422,0.75,earthquake,12.92,6.148,0.076,51,reviewed
2025-09-19t05:38:24.790z,52.824,-169.953666666667,0.91,1.2,ml,5,172,0.02653,0.22,earthquake,0.65,0.34,0.160163974621729,5,reviewed
2025-09-23t05:53:21.330z,35.5153333333333,-120.7755,6.74,2.26,md,57,40,0.05947,0.06,earthquake,0.14,0.36,0.112,49,reviewed
2025-10-09t01:18:21.850z,19.3956666666667,-154.960333333333,6.49,1.68,ml,30,135,0.008386,0.24,earthquake,1.12,0.72,0.230843123849583,22,reviewed
2025-10-15t15:09:08.320z,38.8303337097168,-122.817665100098,2,1.29,md,18,86,0.009119,0.01,earthquake,0.24,0.439999998,0.07,19,automatic
2025-09-18t20:21:01.717z,53.1908,160.549,32.869,4.5,mb,31,134,1.157,0.72,earthquake,13.12,6.497,0.131,17,reviewed
2025-09-19t03:30:34.270z,58.2445,-155.142166666667,2.42,-0.54,ml,6,148,0.045,0.08,earthquake,0.26,0.66,0.221390343753161,7,reviewed
2025-10-01t08:18:01.301z,31.652,-104.281,8.1506,1.9,ml,11,69,0,0.3,earthquake,0.9348429023589264,1.496229875277374,0.1,12,reviewed
2025-09-25t19:09:10.300z,60.5141666666667,-152.743666666667,3.7,-0.92,ml,4,253,0.03539,0.11,earthquake,0.74,0.92,0.199889721467971,4,reviewed
2025-09-21t03:36:21.310z,34.4065,-117.7535,8.27,1.07,ml,35,79,0.06687,0.15,earthquake,0.18,0.47,0.174,30,reviewed
2025-10-09t22:25:53.230z,35.638,-117.5585,7.64,0.97,ml,30,62,0.1131,0.15,earthquake,0.19,0.9,0.138,17,automatic
2025-10-04t06:01:49.765z,32.277,-101.933,8.374,1.9,ml,56,41,0,0.1,earthquake,0.24906245698982254,0.40632597815945415,0.2,31,reviewed
2025-10-08t02:12:14.600z,38.845832824707,-122.813003540039,1.57000005245209,1.41,md,22,91,0.01196,0.02,earthquake,0.23,0.319999993,0.13,23,automatic
2025-10-06t10:54:00.140z,33.3358333,-116.382,12.67,1.3,ml,68,32,0.0154,0.21,earthquake,0.17,0.39,0.233,26,reviewed
2025-09-25t17:49:46.850z,31.444,-103.842,4.9207,2.6,ml,36,56,0.1,0.1,earthquake,0.8334343133341763,1.950985743065517,0.2,30,reviewed
2025-09-28t23:05:29.980z,44.7951666666667,-110.8535,4.76,1.36,ml,18,109,0.007162,0.15,earthquake,0.28,0.56,0.49219415184459,7,reviewed
2025-10-05t13:28:51.870z,36.0943336486816,-120.669166564941,0.899999976158142,1.24,md,9,176,0.06437,0.06,earthquake,0.69,7.21000004,0.2,5,automatic
2025-10-02t16:03:03.070z,58.3345,-154.548,11.59,-0.16,ml,5,242,0.1421,0.06,earthquake,0.88,1.01,0.146724887084689,6,reviewed
2025-09-21t03:48:41.880z,35.8971667,-117.6763333,2.29,1.01,ml,26,43,0.05483,0.16,earthquake,0.16,0.24,0.111,18,reviewed
2025-10-07t09:54:54.830z,34.0566667,-117.238,13.9,1.06,ml,70,40,0.06123,0.17,earthquake,0.16,0.34,0.129,33,reviewed
2025-09-21t23:18:23.620z,18.075,-68.699,122,3.81,md,12,225,0.5418,0.55,earthquake,4.64,2.82,0.06,8,reviewed
2025-09-25t20:59:27.900z,61.1343333333333,-152.541166666667,3.25,0.36,ml,13,169,0.1153,0.15,earthquake,0.44,0.45,0.312424913053903,13,reviewed
2025-10-14t14:05:25.414z,31.646,-104.331,2.1521,1.8,ml,21,75,0.1,0.2,earthquake,0.7270511903835652,0.7878082908175511,0.1,15,reviewed
2025-09-19t03:56:58.555z,31.614,-104.09,5.8948,1.1,ml,17,62,0,0.1,earthquake,0.6362848726337635,0.599254222813995,0.2,26,reviewed
2025-09-25t02:00:15.504z,31.782,-103.795,7.7405,1.1,ml,22,75,0,0.2,earthquake,1.1481120180184,1.2164863514642776,0,6,reviewed
2025-10-08t10:16:19.532z,13.7168,-92.1134,21.584,5,mww,45,159,0.997,1.57,earthquake,9.03,6.7,0.071,19,reviewed
2025-09-23t05:36:33.652z,-58.7918,-25.3072,34.281,5.1,mb,64,69,15.82,1.03,earthquake,12.01,5.635,0.07,66,reviewed
2025-10-11t12:54:30.900z,33.4831667,-116.5476667,8.68,0.53,ml,30,53,0.047,0.13,earthquake,0.17,0.37,0.159,16,reviewed
2025-09-29t12:00:40.513z,28.811,-99.105,6.8359,1.7,ml,16,86,0.1,0.3,earthquake,2.4208284071373964,1.5863295775564126,0.1,8,reviewed
2025-09-21t16:12:17.500z,33.4528333,-117.6953333,14.49,1.15,ml,21,132,0.1163,0.13,earthquake,0.29,0.49,0.33,33,automatic
2025-09-28t19:20:58.570z,38.8344993591309,-122.81583404541,1.63999998569489,0.3,md,10,83,0.01197,0.01,earthquake,0.35,1.03999996,0.17,12,automatic
2025-10-13t03:54:17.220z,44.5055,-70.7194,5.047,1.6,ml,7,95,0.319,0.49,earthquake,1.7,4.429,0.115,10,reviewed
2025-09-18t13:41:57.430z,58.2936666666667,-154.982,3.52,-0.29,ml,9,130,0.04334,0.12,earthquake,0.31,0.66,0.259136496869791,9,reviewed
2025-09-28t22:51:49.550z,35.9658317565918,-120.521835327148,7.51999998092651,1.73,md,26,48,0.02293,0.05,earthquake,0.29,0.349999994,0.2,15,automatic
2025-10-02t11:34:19.874z,32.356,-102.057,6.4697,0.7,ml,13,72,0,0.1,earthquake,0.541177622705842,0.8656963122819814,0.1,7,reviewed
2025-09-21t01:34:06.365z,-5.6318,152.1707,10,4.6,mb,24,152,1.431,1.21,earthquake,9.27,1.868,0.111,24,reviewed
2025-09-22t02:11:17.539z,7.7691,122.019,10,4.6,mb,47,73,3.598,0.57,earthquake,7.34,1.362,0.092,35,reviewed
2025-10-14t08:50:45.262z,32.162,-101.505,7.7637,1.4,ml,41,53,0,0.2,earthquake,0.4006994062438886,0.8155087495498865,0.2,25,reviewed
2025-09-29t11:56:04.747z,31.649,-103.129,4.3823,1.5,ml,22,56,0.1,0.3,earthquake,0.931636090112013,2.228419214884554,0.1,9,reviewed
2025-09-25t14:21:27.720z,46.992,-112.8925,17.91,0.78,ml,10,136,0.1016,0.04,earthquake,0.51,0.39,0.0879800558738406,8,reviewed
2025-09-23t21:05:27.021z,-15.9685,-75.4604,10,4.4,mb,35,137,4.178,0.61,earthquake,10.04,1.877,0.121,20,reviewed
2025-10-11t05:11:54.710z,34.0918333,-118.1786667,10.87,1.32,ml,43,51,0.0547,0.2,earthquake,0.24,0.39,0.218,32,automatic
2025-09-19t02:00:42.110z,34.013,-117.1131667,9.19,0.86,ml,45,50,0.02242,0.17,earthquake,0.16,0.43,0.175,31,automatic
2025-09-22t06:07:53.320z,36.7656666666667,-120.8085,0.43,1.54,md,27,114,0.08673,0.19,earthquake,0.32,1.08,0.224,17,reviewed
2025-09-18t08:37:51.530z,46.86416666666667,-121.771,-0.71,0.36,ml,18,81,0.02011,0.07,earthquake,0.15,0.67,0.2922199650983275,10,reviewed
2025-09-19t10:06:42.317z,-58.9435,-25.0757,10,4.8,mb,62,82,7.834,0.56,earthquake,8.34,1.67,0.071,61,reviewed
2025-10-09t08:28:32.210z,19.7805,-156.0655,40.52,2.71,ml,53,197,0.2365,0.13,earthquake,0.57,0.89,0.188683028876152,22,reviewed
2025-10-11t16:18:25.511z,13.7613,39.8494,10,5.6,mww,224,34,3.67,0.58,earthquake,8.85,1.811,0.065,23,reviewed
2025-10-15t22:12:10.189z,-28.9462,-71.4188,35.81,4.4,mb,29,146,0.633,0.67,earthquake,4.33,3.294,0.19,8,reviewed
2025-10-13t07:09:20.240z,38.7861671447754,-122.853668212891,21.5699996948242,1.93,md,9,234,0.01501,0.17,earthquake,5.58,10.6700001,0.42,3,automatic
2025-10-11t04:51:15.170z,38.8170013427734,-122.764335632324,1.70000004768372,1.08,md,14,126,0.01331,0.02,earthquake,0.3,0.49000001,0.17,15,automatic
2025-10-07t21:39:00.870z,35.887,-117.6983333,3.9,0.68,ml,22,51,0.07217,0.13,earthquake,0.16,0.45,0.082,14,reviewed
2025-10-07t06:32:34.541z,28.752,-98.464,8.4059,1.6,ml,25,48,0,0.2,earthquake,0.4964747497765747,0.699970838851053,0.1,15,reviewed
2025-10-13t03:36:56.050z,37.4448318481445,-118.875999450684,9.4399995803833,1.71,md,17,151,0.1497,0.07,earthquake,0.46,2.57999992,0.14,14,automatic
2025-09-28t05:25:43.120z,-21.1721,-68.6675,122.735,4.6,mb,38,67,0.776,1.11,earthquake,4.73,5.842,0.072,58,reviewed
2025-09-26t22:04:05.940z,33.6603333,-116.7105,14.87,0.18,ml,9,80,0.03178,0.08,earthquake,0.32,0.56,0.047,9,reviewed
2025-09-25t05:21:20.146z,31.538,-104.021,7.4329,1.7,ml,44,57,0,0.2,earthquake,0.7830904306531344,0.5933087439006633,0.2,30,reviewed
2025-09-30t11:57:29.070z,37.4928321838379,-122.293334960938,0.800000011920929,1.6,md,12,145,0.07101,0.09,earthquake,0.45,3.18000007,0.15,9,automatic
2025-09-28t23:24:29.430z,35.0291667,-117.6881667,-0.82,1.55,ml,33,82,0.09479,0.18,quarry blast,0.37,31.61,0.141,47,reviewed
2025-09-18t10:27:43.820z,33.6565,-116.9488333,12.05,1.12,ml,56,24,0.03695,0.17,earthquake,0.16,0.3,0.154,27,reviewed
2025-10-14t00:39:17.080z,40.3619995117188,-124.337333679199,26.1599998474121,2.16,md,25,220,0.01155,0.11,earthquake,1.72,1.44000006,0.16,19,automatic
2025-10-01t06:05:17.880z,38.4761666666667,-112.806833333333,4.31,0.27,md,14,181,0.0204,0.08,earthquake,0.42,0.56,0.537075072412744,5,reviewed
2025-09-18t19:06:06.348z,52.688,160.8695,24.19,5.2,mb,24,136,1.387,0.92,earthquake,12.3,4.919,0.139,17,reviewed
2025-10-07t20:45:58.240z,46.546,-111.981666666667,-2,1.26,ml,9,95,0.06651,0.11,quarry blast,0.52,31.61,0.342195078573016,5,reviewed
2025-10-09t22:51:30.980z,33.6798333,-116.7161667,15.64,0.9,ml,37,60,0.03436,0.17,earthquake,0.23,0.37,0.185,28,reviewed
2025-09-22t18:40:51.080z,19.3303333333333,-155.140833333333,6.69,1.57,ml,30,115,0.04561,0.1,earthquake,0.37,0.82,0.201354138094267,14,reviewed
2025-10-17t08:14:12.485z,18.6819,120.6163,27.279,5.1,mb,71,101,4.138,0.76,earthquake,10.96,5.552,0.054,109,reviewed
2025-10-11t07:56:31.510z,33.178,-116.136,10.58,1.43,ml,72,30,0.0348,0.21,earthquake,0.14,0.37,0.15,26,reviewed
2025-10-06t01:13:41.210z,40.7015,-111.6285,7.38,0.41,md,16,93,0.09307,0.12,earthquake,0.36,1.6,0.339506465222259,10,reviewed
2025-09-19t00:22:36.064z,52.8688,161.0464,10,5.4,mb,89,119,1.458,0.89,earthquake,6.12,1.844,0.029,418,reviewed
2025-10-04t18:50:54.303z,-18.6384,-177.9514,531.745,4.9,mb,151,30,3.338,0.68,earthquake,9.12,7.327,0.027,426,reviewed
2025-10-08t01:04:05.540z,17.8103333333333,-66.8511666666667,11.18,2.49,md,15,233,0.162,0.14,earthquake,0.51,0.44,0.0968501319552733,7,reviewed
2025-10-15t10:22:09.320z,7.2551,141.5284,10,5.4,mww,70,72,6.998,0.65,earthquake,8.38,1.859,0.078,16,reviewed
2025-09-21t04:59:42.810z,54.6811666666667,-164.094666666667,11.69,0.92,ml,5,271,0.0633,0.11,earthquake,1.78,0.86,0.380640150165365,5,reviewed
2025-10-07t04:38:17.370z,33.9926667,-118.7006667,15.18,1.51,ml,16,208,0.08045,0.17,earthquake,0.72,0.64,0.283,9,reviewed
2025-10-01t18:28:36.910z,61.3021666666667,-152.375833333333,2.67,-0.29,ml,10,138,0.04326,0.26,earthquake,0.52,0.85,0.19943955662775,10,reviewed
2025-09-26t13:36:13.510z,34.4521667,-117.8841667,7.36,1.05,ml,16,51,0.03262,0.11,earthquake,0.22,0.32,0.41,23,automatic
2025-09-27t17:18:36.190z,44.7178333333333,-112.883,5.38,1.4,ml,16,108,0.1125,0.18,earthquake,0.43,1.8,0.181329792155926,17,reviewed
2025-09-28t04:37:02.862z,31.465,-103.847,4.3054,2.1,ml,44,45,0.1,0.2,earthquake,0.564640594229948,1.0122715422537063,0.1,24,reviewed
2025-10-08t08:16:44.514z,28.752,-98.464,8.8569,1.8,ml,26,50,0,0.2,earthquake,0.4462859736926405,0.5987812388655176,0.1,16,reviewed
2025-10-07t14:24:23.690z,35.3118333,-118.5558333,7.14,1.24,ml,29,76,0.1123,0.13,earthquake,0.16,0.48,0.241,28,reviewed
2025-09-18t06:04:13.330z,60.456,-152.778666666667,3.82,-0.63,ml,4,138,0.01671,0.26,earthquake,1.32,2,0.133050741046594,4,reviewed
2025-10-02t04:12:43.190z,45.6371666666667,-113.570333333333,17.17,1.39,ml,8,129,0.1265,0.06,earthquake,0.66,0.66,0.120499047637861,10,reviewed
2025-10-09t17:42:44.522z,32.119,-101.925,8.3269,3.1,ml,25,57,0,0.1,earthquake,0.3587220447827718,0.6097066711277341,0.2,39,reviewed
2025-10-16t01:08:03.979z,-43.6372,172.6235,10,2.6,ml,12,198,0.528,0.44,earthquake,3.05,1.974,0.085,18,reviewed
2025-10-06t20:38:29.480z,19.435,-154.859833333333,4.48,2.04,ml,37,275,0.05258,0.14,earthquake,0.55,0.79,0.214792917140636,28,reviewed
2025-09-18t22:34:32.481z,52.5535,160.5109,31.366,4.5,mb,66,149,1.224,0.97,earthquake,10.89,6.661,0.074,54,reviewed
2025-09-22t21:22:37.770z,49.32833333333333,-120.47233333333334,-0.62,2.14,ml,6,229,0.5542,0.34,explosion,3.96,31.61,0.2597080672569745,5,reviewed
2025-09-20t11:55:03.370z,33.5033333,-116.5011667,13.99,0.48,ml,30,59,0.08486,0.13,earthquake,0.18,0.4,0.119,13,reviewed
2025-10-12t05:27:31.290z,36.5773315429688,-121.206169128418,4.59000015258789,1.36,md,16,81,0.01764,0.07,earthquake,0.33,0.810000002,0.23,10,automatic
2025-10-03t03:22:08.760z,44.5808333333333,-112.2315,6.43,2.01,ml,19,126,0.117,0.17,earthquake,0.72,2.64,0.117433984541315,15,reviewed
2025-10-13t01:09:44.062z,51.0302,158.0493,46.806,5.2,mb,60,113,2.03,0.86,earthquake,9.24,6.572,0.025,518,reviewed
2025-10-15t12:15:19.100z,44.5581666666667,-112.215666666667,2.52,0.63,ml,10,149,0.1324,0.09,earthquake,0.53,1.06,0.0264093002584029,8,reviewed
2025-09-19t13:24:29.681z,-6.3615,155.1454,149.469,4.7,mb,42,96,3.669,0.52,earthquake,10.88,7.687,0.082,45,reviewed
2025-10-07t12:37:17.740z,37.4145011901855,-121.763336181641,7.65000009536743,2.68,md,77,32,0.04636,0.08,earthquake,0.12,0.469999999,0.12,95,automatic
2025-10-12t08:23:22.980z,35.8645,-117.6883333,7.8,0.94,ml,25,65,0.08839,0.15,earthquake,0.18,0.58,0.14,18,reviewed
2025-10-12t09:41:55.839z,31.335,-103.501,5.2283,1.7,ml,30,46,0.1,0.2,earthquake,0.6897728688745931,1.5614016376012112,0.2,19,reviewed
2025-10-14t21:58:02.765z,-6.2895,146.5762,58.54,4.6,mb,27,74,3.148,0.53,earthquake,8.76,8.096,0.112,24,reviewed
2025-10-16t13:22:04.380z,37.7338333129883,-122.144668579102,5.53999996185303,1.92,md,32,46,0.02232,0.07,earthquake,0.16,0.289999992,0.18,31,automatic
2025-10-07t17:50:35.740z,28.753,-98.459,8.8548,1.4,ml,12,77,0.1,0.1,earthquake,0.6594772177655461,0.9614579256353937,0.2,7,reviewed
2025-10-06t14:59:27.150z,44.671,-110.69,6.39,0.36,md,8,94,0.04516,0.17,earthquake,0.62,1.37,0.313913338183369,5,reviewed
2025-10-11t15:54:44.780z,37.5331649780273,-118.879501342773,5.76999998092651,1.93,md,22,102,0.06947,0.06,earthquake,0.33,0.949999988,0.16,24,automatic
2025-10-07t01:12:15.330z,28.752,-98.461,8.1927,2.1,ml,29,51,0.1,0.2,earthquake,0.4211692595696936,0.8266480607186688,0.2,20,reviewed
2025-10-14t07:26:36.490z,33.7536667,-115.9158333,5.08,1.09,ml,38,69,0.08445,0.17,earthquake,0.19,0.5,0.125,24,automatic
2025-10-10t19:26:17.620z,19.4708333333333,-155.602666666667,-0.79,1.35,ml,17,83,0.01514,0.15,earthquake,0.41,0.21,0.153448405446188,7,reviewed
2025-09-30t07:05:44.614z,44.5764,-112.221,9.55,2.3,ml,60,33,0.125,0.31,earthquake,1.63,8.277,0.036,100,reviewed
2025-09-25t23:40:14.786z,-1.4539,-77.9198,171.766,4.3,mb,52,91,0.112,1.47,earthquake,8.26,4.954,0.059,82,reviewed
2025-10-14t23:09:18.880z,41.9758333333333,-112.4135,0.34,0.95,md,8,101,0.08093,0.09,earthquake,0.42,7.74,0.145718326221644,5,reviewed
2025-09-28t03:47:33.633z,32.365,-102.175,8.4717,0.6,ml,10,77,0,0.1,earthquake,0.794259572204508,0.793466555737521,0.2,6,reviewed
2025-09-17t21:36:53.750z,47.444,-120.699,3.82,0.85,ml,11,109,0.1909,0.12,earthquake,0.38,1.05,0.19233758181584704,8,reviewed
2025-09-24t00:42:08.910z,61.1441666666667,-152.552,3.68,0.23,ml,10,263,0.115,0.13,earthquake,0.71,0.43,0.236046028537693,10,reviewed
2025-10-05t18:01:06.560z,38.6546666666667,-112.6175,0.56,1.55,ml,21,70,0.1408,0.13,earthquake,0.55,31.61,0.0891143474590264,7,reviewed
2025-10-04t00:26:00.310z,36.4546661376953,-121.066665649414,6.38000011444092,1.67,md,16,93,0.007033,0.14,earthquake,0.52,0.980000019,0.21,15,automatic
2025-10-15t11:43:39.229z,-30.7205,-71.559,32.053,5.6,mww,88,62,0.08,1.32,earthquake,4.05,4.755,0.073,18,reviewed
2025-09-19t18:17:16.491z,52.9339,159.7283,66.86,4,mb,45,167,0.658,0.42,earthquake,11.82,6.004,0.09,36,reviewed
2025-09-18t19:26:37.834z,52.7596,160.965,10,5.5,mb,119,92,1.427,0.69,earthquake,9.02,1.783,0.039,225,reviewed
2025-09-24t21:49:17.490z,31.536,-104.012,7.2406,2.3,ml,43,56,0,0.1,earthquake,0.5545272529427389,0.55342177387585,0.1,24,reviewed
2025-10-10t07:24:12.212z,7.009,126.849,74.197,5.2,mb,61,108,1.262,1.05,earthquake,8.85,7.106,0.049,138,reviewed
2025-10-14t16:57:58.110z,46.27,-118.71766666666667,-0.4,1.21,ml,7,101,0.06866,0.06,explosion,0.31,31.61,0.2598226283184897,5,reviewed
2025-09-24t06:40:37.394z,32.4,-102.046,7.8369,1.1,ml,27,63,0,0.2,earthquake,0.4278836958319431,0.9044891228360029,0.2,12,reviewed
2025-10-08t04:26:19.966z,32.045,-104.028,8.1069,2,ml,8,130,0.1,0.9,earthquake,0,6.751779079437256,0.3,5,automatic
2025-10-07t16:58:04.707z,28.749,-98.462,8.6157,1.8,ml,28,37,0.1,0.3,earthquake,0.4028667360190883,0.8109774172429841,0.2,14,reviewed
2025-10-11t16:00:22.490z,38.8133316040039,-122.785163879395,1.03999996185303,1.06,md,12,97,0.0035,0.03,earthquake,0.26,0.469999999,0.12,13,automatic
2025-10-03t04:11:41.950z,36.5918350219727,-121.208999633789,7.65000009536743,2.39,md,48,73,0.02765,0.13,earthquake,0.22,0.560000002,0.18,53,automatic
2025-09-25t06:04:15.478z,51.8125,158.5964,83.358,4.5,mb,47,133,1.213,0.51,earthquake,11.55,7.45,0.079,47,reviewed
2025-09-19t03:22:05.060z,18.1386,-68.5196,92,3.88,md,24,187,0.3999,0.38,earthquake,1.93,1.48,0.08,17,reviewed
2025-10-06t15:30:40.160z,19.4253333333333,-155.2685,-0.98,1.48,ml,13,91,0.0019,0.22,earthquake,0.17,0.28,0.115376912729218,10,reviewed
2025-09-17t20:55:53.250z,46.8905,-112.5345,11.33,1.98,ml,19,116,0.0617,0.11,earthquake,0.44,0.55,0.204613312975175,27,reviewed
2025-09-30t08:46:56.675z,32.088,-101.483,8.0811,1.1,ml,16,84,0.1,0.1,earthquake,0.471457000491548,0.7948672048931646,0.1,8,reviewed
2025-10-05t21:16:30.460z,61.2896666666667,-152.343833333333,-0.24,-0.3,ml,10,114,0.0336,0.17,earthquake,0.51,2,0.137329545314323,9,reviewed
2025-09-18t13:01:24.660z,35.5253333333333,-84.483,15.85,1.69,md,9,76,0.08163,0.08,earthquake,0.39,0.98,0.103812770600697,8,reviewed
2025-09-29t03:58:22.651z,28.84,-99.125,8.4087,2.2,ml,14,87,0,0.4,earthquake,2.302830216613664,3.6455743348151275,0,6,reviewed
2025-09-28t03:35:44.890z,38.8351669311523,-122.81950378418,1.62999999523163,0.71,md,11,69,0.01294,0.01,earthquake,0.35,0.709999979,0.25,11,automatic
2025-10-11t21:13:30.800z,49.4605,-120.53483333333334,-0.37,2.1,ml,12,198,0.5829,0.48,explosion,2.45,31.61,0.12774443280275183,7,reviewed
2025-10-17t05:46:59.130z,32.9423333,-116.411,5.24,0.32,ml,12,110,0.0294,0.11,earthquake,0.23,0.63,0.214,8,reviewed
2025-09-21t21:30:18.430z,38.7675018310547,-122.756500244141,1.46000003814697,1.18,md,11,125,0.007911,0.03,earthquake,0.31,0.49000001,0.11,12,automatic
2025-09-18t06:41:28.147z,-23.1555,170.2002,10,4.8,mb,24,162,2.596,0.51,earthquake,11.26,1.945,0.128,19,reviewed
2025-10-03t09:35:35.930z,46.52883333333333,-122.43283333333333,12.25,0.79,ml,17,110,0.09688,0.09,earthquake,0.35,0.78,0.13777198909492072,6,reviewed
2025-09-19t18:12:21.500z,54.7371666666667,-163.996666666667,2.46,0.41,ml,5,114,0.02777,0.18,earthquake,0.59,1.58,0.380780923831168,5,reviewed
2025-10-12t07:01:16.040z,32.359,-102.089,6.958,0.6,ml,17,48,0,0.1,earthquake,0.5444695663254557,0.8546184916491355,0.2,9,reviewed
2025-09-23t21:07:39.750z,33.9838333,-116.9803333,17.47,1.55,ml,59,25,0.06228,0.17,earthquake,0.17,0.39,0.203,24,reviewed
2025-09-22t19:43:32.444z,36.3077,77.0619,10,4.4,mb,37,115,3.084,0.89,earthquake,9.14,1.916,0.112,23,reviewed
2025-09-21t06:26:58.030z,35.8978333,-117.6755,2.56,1.26,ml,29,43,0.05396,0.16,earthquake,0.17,0.29,0.184,24,reviewed
2025-10-14t18:56:32.240z,46.0185,-112.461333333333,-2,0.93,ml,11,129,0.06496,0.29,quarry blast,1.06,31.61,0.171826009768999,8,reviewed
2025-10-08t22:43:33.740z,34.2678333,-117.1843333,3.72,2.16,ml,74,30,0.05477,0.15,earthquake,0.11,0.29,0.134,21,reviewed
2025-09-24t15:41:10.730z,35.7518333,-117.607,10.85,0.43,ml,12,168,0.06423,0.1,earthquake,0.34,0.38,0.152,8,reviewed
2025-10-05t19:13:24.426z,32.273,-101.926,8.8623,1.5,ml,33,40,0,0.1,earthquake,0.3068218075869406,0.4810150800569637,0.1,18,reviewed
2025-09-30t16:14:23.971z,30.738,-104.562,11.8652,2.4,ml,32,163,0.4,0.2,earthquake,1.3087506206395907,2.8036026614590015,0.1,16,reviewed
2025-10-13t08:30:22.360z,34.0095,-116.8015,16.62,0.64,ml,26,88,0.02611,0.14,earthquake,0.22,0.49,0.247,15,reviewed
2025-10-01t06:07:43.480z,46.18716666666667,-122.19833333333334,4.43,0.42,ml,7,149,0.07056,0.07,earthquake,0.35,1.74,0.08589102736712578,5,reviewed
2025-10-10t15:38:15.230z,34.2643333,-117.0785,4.26,1.27,ml,51,58,0.06098,0.16,earthquake,0.15,0.48,0.193,30,reviewed
2025-10-15t22:11:00.192z,31.97,-102.339,6.4453,0.8,ml,12,91,0,0.1,earthquake,0.9382250276881929,0.9080428729470766,0,6,reviewed
2025-09-25t07:46:53.380z,36.463,-121.064833333333,6.71,1.3,md,35,72,0.009482,0.09,earthquake,0.23,0.48,0.106,20,reviewed
2025-10-06t23:05:13.763z,28.751,-98.455,8.431,1.6,ml,15,57,0.1,0.1,earthquake,0.6637744589864057,0.6889066438452417,0.1,6,reviewed
2025-10-02t01:59:53.243z,32.758,-100.645,6.7383,0.9,ml,9,80,0.1,0.1,earthquake,1.4019290341313473,2.2161519005525134,0.2,10,reviewed
2025-10-08t00:10:07.445z,28.751,-98.463,8.293,1.6,ml,19,49,0,0.2,earthquake,0.4706004044166193,0.6931267558478268,0.1,13,reviewed
2025-10-01t22:26:56.050z,18.154,-66.1456666666667,29.12,1.93,md,8,72,0.04485,0.09,earthquake,0.49,0.77,0.151841157697866,3,reviewed
2025-10-01t04:50:33.731z,32.213,-101.92,6.9092,0.6,ml,16,66,0,0.1,earthquake,0.6567598867479179,0.730774521985204,0,7,reviewed
2025-10-06t20:23:38.394z,28.76,-98.462,8.5808,2.5,ml,26,54,0,0.2,earthquake,0.37091822785741546,0.6563269924251252,0.1,12,reviewed
2025-09-24t22:34:04.690z,37.5301666666667,-118.954,11.89,1.32,md,24,89,0.08739,0.07,earthquake,0.68,1.05,0.134,13,reviewed
2025-09-27t06:53:20.480z,35.6186667,-117.3916667,5.52,2.01,ml,36,63,0.05319,0.12,earthquake,0.13,0.37,0.187,62,reviewed
2025-09-27t17:58:24.486z,31.951,-103.825,6.0999,1.4,ml,12,55,0,0.1,earthquake,0.36889691270382147,0.4613833340703143,0.2,10,reviewed
2025-10-17t17:37:33.576z,-19.833,-178.0331,464.622,4.3,mb,128,72,4.151,0.57,earthquake,12.47,6.092,0.048,121,reviewed
2025-09-19t11:25:06.551z,52.8746,160.6135,32.772,5.1,mb,100,124,1.197,0.93,earthquake,10.75,5.478,0.024,546,reviewed
2025-09-19t15:37:33.498z,52.8095,160.5549,35,5.2,mb,112,42,1.173,0.78,earthquake,9.14,1.831,0.023,599,reviewed
2025-09-18t07:18:38.140z,56.2843333333333,-159.234833333333,8.77,0.38,ml,5,157,0.02512,0.05,earthquake,0.35,0.66,0.196029630778658,6,reviewed
2025-10-10t06:43:15.340z,33.785,-117.5305,12.77,1.79,ml,87,25,0.0511,0.19,earthquake,0.16,0.32,0.153,125,reviewed
2025-09-18t20:34:50.632z,52.7677,160.8657,36.205,4.2,mb,46,134,1.367,0.94,earthquake,12.14,7.923,0.093,32,reviewed
2025-09-24t10:31:08.550z,33.5036667,-116.503,14.68,0.46,ml,20,59,0.08337,0.12,earthquake,0.25,0.51,0.13,9,automatic
2025-09-20t18:01:46.880z,38.8028335571289,-122.774002075195,3.15000009536743,0.8,md,20,74,0.01138,0.02,earthquake,0.29,0.540000021,0.11,19,automatic
2025-09-23t03:42:05.650z,48.155,-122.77,21.4,1.27,ml,29,55,0.05894,0.14,earthquake,0.34,0.45,0.21310248508251195,15,reviewed
2025-10-11t15:12:58.320z,35.7168333,-117.4975,6.59,0.6,ml,13,125,0.07919,0.21,earthquake,0.7,1.39,0.143,11,reviewed
2025-10-01t12:14:46.680z,61.2926666666667,-152.341,1.35,-0.71,ml,8,156,0.03691,0.06,earthquake,0.53,1.42,0.192282940126921,9,reviewed
2025-10-06t21:06:19.409z,28.758,-98.459,8.8719,1.3,ml,12,77,0,0.1,earthquake,0.6671610011788911,0.8109896761732903,0.1,6,reviewed
2025-10-12t13:23:14.080z,44.4565,-110.619,3.03,1.32,ml,13,63,0.02955,0.08,earthquake,0.23,0.84,0.0932385173131569,3,reviewed
2025-10-03t01:37:23.680z,47.54933333333334,-122.042,19.2,1.37,ml,8,88,0.1274,0.07,earthquake,0.45,0.78,0.08990995905992305,3,reviewed
2025-09-29t21:56:25.930z,51.6323333333333,-178.783166666667,14.92,1.08,ml,9,149,0.08136,0.21,earthquake,1.48,1.61,0.214320381522972,9,reviewed
2025-10-07t21:35:06.410z,45.0898333333333,-111.715833333333,-2,1.42,ml,12,116,0.1181,0.24,quarry blast,0.91,31.61,0.151043293010331,7,reviewed
2025-09-28t17:18:08.845z,31.652,-104.455,6.51,1.7,ml,13,85,0,0.3,earthquake,2.347146635238075,0.9556979115219251,0.1,9,reviewed
2025-10-02t23:15:47.090z,17.9801666666667,-66.8678333333333,13.23,2.45,md,8,109,0.007748,0.05,earthquake,0.77,0.5,0.1842921892207,6,reviewed
2025-10-09t05:38:48.450z,51.7936666666667,-178.881333333333,6.21,0.87,ml,4,285,0.02225,0.09,earthquake,0.86,0.65,0.213926925459999,4,reviewed
2025-10-17t09:39:14.884z,28.978,-98.17,7.3827,2.2,ml,27,65,0.1,0.2,earthquake,0.5321085906489744,1.72871668032614,0,6,reviewed
2025-10-15t23:21:54.340z,37.4398345947266,-118.87516784668,4.96000003814697,1.44,md,21,140,0.127,0.07,earthquake,0.29,1.97000003,0.23,19,automatic
2025-09-20t06:39:10.649z,37.3113,-104.512,5,1,ml,7,98,0.19,0.19,earthquake,1.26,1.718,0.097,14,reviewed
2025-10-08t06:10:17.660z,35.9053333,-117.7416667,9.72,0.33,ml,14,108,0.07576,0.15,earthquake,0.34,0.75,0.266,12,reviewed
2025-09-21t21:54:36.532z,51.5825,157.8364,80.994,4.5,mb,52,158,1.527,0.45,earthquake,12.24,9,0.08,46,reviewed
2025-10-16t17:02:01.730z,38.7836685180664,-122.745834350586,0.349999994039536,1.18,md,8,88,0.007133,0.02,earthquake,0.3,0.600000024,0.09,7,automatic
2025-09-24t20:30:39.350z,61.1278333333333,-152.5525,2.16,-0.05,ml,9,267,0.1235,0.21,earthquake,1.08,0.68,0.28154883773138,9,reviewed
2025-10-08t22:24:05.105z,31.533,-104.021,7.5867,1.8,ml,45,58,0,0.2,earthquake,0.6379880071334703,0.5348674025498087,0.2,30,reviewed
2025-09-23t12:31:34.470z,19.7998333333333,-156.142333333333,7.26,2.11,ml,23,257,0.1874,0.19,earthquake,1.03,0.86,0.204794632866971,6,reviewed
2025-10-05t12:52:15.570z,38.7943344116211,-122.727500915527,1.3400000333786,1.28,md,17,98,0.01322,0.04,earthquake,0.25,0.660000026,0.09,16,automatic
2025-10-13t09:56:08.910z,39.1966666666667,-111.2285,5.21,1.36,ml,20,64,0.1009,0.09,earthquake,0.3,1.27,0.0608406394668481,5,reviewed
2025-09-27t03:06:04.370z,46.145833333333336,-122.51466666666667,8.88,1.2,ml,37,98,0.1183,0.09,earthquake,0.22,0.28,0.16741834533151745,18,reviewed
2025-09-28t16:13:01.350z,38.8291664123535,-122.822166442871,1.4099999666214,0.73,md,9,71,0.01106,0.01,earthquake,0.35,1.16999996,0.55,9,automatic
2025-09-21t19:20:14.733z,23.7642,120.906,30.206,4.4,mb,47,78,0.05,0.61,earthquake,3.32,5.498,0.103,27,reviewed
2025-09-18t06:04:06.660z,31.735,-104.105,7.702,1.6,ml,31,68,0,0.2,earthquake,0.5064800174058535,0.5301641367165205,0.2,24,reviewed
2025-10-05t22:33:34.690z,34.1731667,-116.8226667,8.6,0.9,ml,36,41,0.1205,0.11,earthquake,0.12,0.31,0.126,45,reviewed
2025-09-21t20:20:50.260z,38.8345,-122.7955,1.87,0.32,md,11,93,0.005608,0.02,earthquake,0.39,0.38,0.137,10,reviewed
2025-10-03t12:10:27.330z,37.5628318786621,-121.670669555664,8.57999992370605,0.98,md,8,70,0.08219,0.06,earthquake,0.41,1.91999996,0.24,6,automatic
2025-10-05t02:33:41.840z,37.2923316955566,-121.665168762207,4.51000022888184,1.27,md,8,149,0.03389,0.02,earthquake,0.64,1.74000001,0.16,6,automatic
2025-09-19t20:39:57.093z,53.2269,160.3241,63.623,4.5,mb,63,157,1.029,0.97,earthquake,11.03,7.011,0.071,62,reviewed
2025-09-25t22:48:09.299z,12.6814,125.2592,35,4.6,mb,49,125,10.836,0.69,earthquake,11.5,1.929,0.085,41,reviewed
2025-10-10t19:59:41.490z,44.3348333333333,-114.798,5.81,2.36,ml,15,91,0.2312,0.12,earthquake,0.35,3.49,0.207344916572168,26,reviewed
2025-10-10t11:12:07.106z,7.1716,126.7553,61.184,6.7,mww,98,30,1.172,1.22,earthquake,7.5,6.105,0.043,51,reviewed
2025-10-02t23:02:38.158z,-2.9722,136.3306,10,4.5,mb,27,57,1.825,0.78,earthquake,5.15,1.767,0.121,21,reviewed
2025-10-13t21:44:40.280z,33.1838333,-115.6055,4.08,1.73,ml,27,43,0.01061,0.18,earthquake,0.19,0.3,0.213,29,reviewed
2025-09-19t20:16:00.190z,46.6418333333333,-112.294833333333,8.99,0.57,ml,7,103,0.1092,0.08,earthquake,0.37,1.49,0.216562587107675,4,reviewed
2025-10-01t08:14:10.320z,37.1916666666667,-112.869333333333,20.4,1.12,md,8,134,0.1788,0.12,earthquake,0.47,1.37,0.147520357163324,6,reviewed
2025-09-19t01:49:53.392z,52.7248,160.5298,35,5,mb,131,94,1.178,0.79,earthquake,6.68,1.856,0.028,396,reviewed
2025-09-22t00:11:15.260z,51.7598333333333,-178.829833333333,6.39,0.03,ml,4,230,0.02436,0.09,earthquake,0.69,0.77,0.244158145658206,4,reviewed
2025-10-08t21:49:02.431z,31.605,-104.193,6.0999,1.7,ml,39,67,0.1,0.2,earthquake,0.5538555508012805,0.5919828138820215,0.2,22,reviewed
2025-10-02t02:55:30.750z,38.837833404541,-122.838500976562,1.92999994754791,1.67,md,27,76,0.01494,0.02,earthquake,0.19,0.330000013,0.15,30,automatic
2025-10-05t01:46:21.548z,43.8544,-76.0231,5.772,1.6,ml,16,82,0.445,0.24,earthquake,1.54,3.723,0.097,14,reviewed
2025-10-16t06:30:15.960z,38.7968330383301,-122.750999450684,2.84999990463257,1.07,md,15,94,0.01757,0.01,earthquake,0.29,0.800000012,0.25,14,automatic
2025-09-18t03:17:18.221z,51.6665,160.0733,35,4.4,mb,38,127,1.615,1.28,earthquake,8.19,1.936,0.098,30,reviewed
2025-10-08t14:48:42.020z,38.8288345336914,-122.87816619873,2.75,1.3,md,20,74,0.01024,0.03,earthquake,0.31,0.469999999,0.24,21,automatic
2025-10-13t05:33:10.350z,38.7983322143555,-122.812835693359,2.9300000667572,1.66,md,26,69,0.01257,0.03,earthquake,0.25,0.439999998,0.17,26,automatic
2025-10-17t15:05:50.212z,32.112,-101.489,9.0088,1.5,ml,16,77,0.1,0.1,earthquake,0.9815564545652495,3.11869300218857,0.1,13,reviewed
2025-10-11t10:54:11.170z,46.190333333333335,-122.19483333333334,8.04,-0.1,ml,12,84,0.009845,0.16,earthquake,0.51,0.62,0.0814771020727732,5,reviewed
2025-10-15t06:03:51.990z,47.3595,-124.14383333333333,23.73,1.98,ml,33,132,0.0611,0.24,earthquake,0.62,0.61,0.09049829780672058,17,reviewed
2025-09-28t14:58:52.530z,60.0275,-153.100333333333,0.43,-0.52,ml,5,123,0.03517,0.1,earthquake,0.37,2.01,0.244017115993555,5,reviewed
2025-10-09t21:24:12.770z,33.4826667,-116.5533333,8.25,1.14,ml,49,29,0.04256,0.18,earthquake,0.16,0.41,0.171,27,reviewed
2025-10-04t16:08:18.564z,32.118,-102.192,6.2256,1.2,ml,31,80,0,0.2,earthquake,0.5147151334000554,0.5643381576953416,0.2,13,reviewed
2025-09-28t20:53:19.983z,-19.5226,-69.582,34.106,4.5,mwr,48,116,0.393,1.12,earthquake,3.61,5.448,0.054,33,reviewed
2025-09-18t05:56:08.050z,38.8219985961914,-122.847831726074,0.870000004768372,1.07,md,15,117,0.008975,0.09,earthquake,0.32,0.550000012,0.15,14,automatic
2025-10-16t06:29:51.890z,46.8855,-112.532833333333,11.64,1.23,ml,16,113,0.0583,0.1,earthquake,0.43,0.51,0.216165050603532,11,reviewed
2025-10-09t14:50:28.080z,53.9033333333333,-166.9905,5.35,-0.17,ml,6,248,0.07401,0.16,earthquake,1.01,1.46,0.17718484374656,6,reviewed
2025-10-01t07:20:37.340z,46.715833333333336,-121.12216666666667,-0.17,1.19,ml,28,114,0.2053,0.28,earthquake,0.6,1.45,0.18126193491727038,11,reviewed
2025-09-25t15:55:08.880z,42.06883333333333,-122.15083333333334,10.93,1.29,ml,6,123,0.1325,0.07,earthquake,0.31,1.05,0.34922843444974827,3,reviewed
2025-10-04t04:42:27.020z,34.0113333,-117.1476667,10.54,0.91,ml,28,42,0.03791,0.15,earthquake,0.19,0.46,0.14,19,reviewed
2025-09-27t00:32:45.870z,35.8985,-117.6763333,3.16,0.14,ml,15,56,0.05361,0.15,earthquake,0.21,0.72,0.095,11,reviewed
2025-10-04t03:54:12.000z,35.7725,-84.1736666666667,13.48,2.35,md,19,90,0.1001,0.12,earthquake,0.41,0.91,0.0609847123985068,15,reviewed
2025-10-05t09:52:17.480z,44.5623333333333,-112.207,6.07,1.35,ml,23,74,0.1374,0.12,earthquake,0.24,1.8,0.223889560792631,27,reviewed
2025-10-04t09:19:00.060z,36.0068333,-118.4563333,8,1.95,ml,32,67,0.1856,0.16,earthquake,0.16,0.81,0.148,26,reviewed
2025-09-26t18:36:01.620z,34.405,-117.7511667,8.48,0.76,ml,20,93,0.06453,0.12,earthquake,0.2,0.57,0.091,8,reviewed
2025-09-22t10:41:11.310z,54.7218333333333,-164.094666666667,10.54,0.95,ml,4,238,0.05341,0.19,earthquake,1.98,1.53,0.324918220325118,4,reviewed
2025-10-09t14:01:15.980z,47.90566666666667,-122.60983333333333,20.88,0.79,md,8,118,0.02725,0.18,earthquake,0.77,0.69,0.052307607801009404,5,reviewed
2025-09-28t14:24:03.630z,58.2321666666667,-155.1065,3.18,-0.35,ml,9,82,0.05586,0.15,earthquake,0.34,1.69,0.117040616044553,9,reviewed
2025-09-23t15:18:18.870z,40.3376666666667,-124.6815,21.54,2.14,md,41,236,0.2638,0.22,earthquake,0.54,0.42,0.334,21,reviewed
2025-10-02t15:32:32.390z,38.8213348388672,-122.762496948242,2.25,1.04,md,17,122,0.01081,0.06,earthquake,0.33,0.629999995,0.3,19,automatic
2025-09-19t16:05:55.930z,56.8201666666667,-158.451833333333,4.92,0.46,ml,6,179,0.09495,0.24,earthquake,1,0.83,0.152650454389088,6,reviewed
2025-10-07t10:01:07.711z,29.05,-97.881,8.3918,2.1,ml,34,76,0.1,0.4,earthquake,1.406530755798825,1.1009299694873602,0.2,23,reviewed
2025-10-01t00:09:13.170z,38.7978324890137,-122.750335693359,1.10000002384186,1.09,md,14,96,0.007839,0.02,earthquake,0.24,0.720000029,0.11,13,automatic
2025-09-23t22:47:01.350z,54.7153333333333,-163.987333333333,2.14,1.16,ml,5,137,0.008199,0.02,earthquake,0.87,0.75,0.415832954823665,5,reviewed
2025-09-21t02:47:50.600z,54.7605,-163.971166666667,-2.84,0.68,ml,5,94,0.05333,0.19,earthquake,0.78,1.29,0.333144305918069,5,reviewed
2025-10-03t07:12:28.690z,31.633,-104.145,6.0999,1.7,ml,44,57,0.1,0.2,earthquake,0.4950035666037765,0.44692404078226394,0.2,25,reviewed
2025-09-30t18:26:16.370z,37.5893325805664,-122.467163085938,9.51000022888184,2.35,md,44,91,0.02796,0.07,earthquake,0.21,0.300000012,0.14,43,automatic
2025-09-24t08:38:45.380z,47.8003333333333,-113.724166666667,10.96,-0.34,ml,5,284,0.02695,0.02,earthquake,1.4,0.82,0.48812809424586,2,reviewed
2025-10-05t05:30:01.945z,32.004,-103.813,7.9968,1.5,ml,21,75,0,0.1,earthquake,0.5302533137098343,0.6243315081333101,0.1,10,reviewed
2025-09-20t07:42:07.009z,36.8944,-104.8165,5,1.7,ml,15,80,0.1,0.32,earthquake,1.45,1.744,0.069,28,reviewed
2025-10-08t17:46:35.000z,28.749,-98.464,8.7906,1.2,ml,11,80,0.1,0.1,earthquake,0.4774877688908729,0.681603697213156,0.2,6,reviewed
2025-10-10t22:10:17.270z,38.8166656494141,-122.801330566406,2.32999992370605,1.3,md,27,34,0.009581,0.02,earthquake,0.2,0.360000014,0.16,24,automatic
2025-09-19t14:54:32.600z,32.9413333,-116.2625,9,0.64,ml,23,88,0.03683,0.15,earthquake,0.24,0.49,0.194,9,reviewed
2025-10-09t12:46:39.050z,17.9868333333333,-66.8728333333333,10.93,2.48,md,5,146,0.01322,0.14,earthquake,1.25,1.12,0.11158691852114,3,reviewed
2025-09-28t13:54:20.226z,31.883,-101.504,9.2041,1.1,ml,16,61,0.2,0.1,earthquake,0.6672212757968272,2.6492068762750036,0.2,12,reviewed
2025-10-17t09:35:46.440z,38.8228340148926,-122.841499328613,1.74000000953674,1.05,md,12,101,0.005061,0.01,earthquake,0.27,0.449999988,0.23,14,automatic
2025-10-15t08:25:08.210z,38.8051681518555,-122.779167175293,1.36000001430511,0.86,md,15,80,0.008166,0.02,earthquake,0.25,0.419999987,0.23,15,automatic
2025-10-16t14:29:53.630z,38.8418350219727,-122.836166381836,11.4200000762939,0.8,md,8,228,0.003284,0.05,earthquake,2.12,8.51000023,0.11,3,automatic
2025-10-09t12:59:57.770z,33.4895,-116.7653333,8.56,1.1,ml,58,22,0.03851,0.18,earthquake,0.13,0.42,0.149,25,reviewed
2025-09-21t19:13:27.530z,38.7908333333333,-122.765666666667,2.62,0.24,md,11,78,0.01083,0.01,earthquake,0.41,0.65,0.168,9,reviewed
2025-10-17t08:30:14.550z,33.068,-116.5656667,11.26,0.62,ml,40,33,0.02974,0.19,earthquake,0.2,0.46,0.155,11,automatic
2025-09-27t00:03:22.360z,33.708,-116.8276667,17.11,1.31,ml,66,21,0.07959,0.21,earthquake,0.18,0.34,0.29,28,reviewed
2025-10-10t03:23:03.248z,7.127,126.8338,52.645,4.9,mb,70,106,1.246,1.08,earthquake,5.95,6.434,0.058,94,reviewed
2025-09-23t20:52:17.100z,39.6096666666667,-111.324666666667,10.57,1.74,ml,23,92,0.09817,0.15,earthquake,0.35,1.11,0.163388525863968,9,reviewed
2025-10-06t07:17:21.940z,38.8056678771973,-122.776336669922,3.44000005722046,0.73,md,6,114,0.015,0.01,earthquake,0.45,1.42999995,0.21,8,automatic
2025-09-23t01:23:42.360z,38.8258323669434,-122.818000793457,1.30999994277954,1.25,md,8,73,0.006653,0.01,earthquake,0.36,0.949999988,0.38,8,automatic
2025-10-10t18:27:55.120z,33.2306667,-116.0388333,8.9,1.07,ml,39,76,0.06634,0.24,earthquake,0.25,0.69,0.106,25,automatic
2025-10-17t12:49:22.130z,38.8250007629395,-122.795501708984,2.50999999046326,1.08,md,18,52,0.01398,0.02,earthquake,0.26,0.479999989,0.18,20,automatic
2025-09-21t21:21:09.010z,51.9188333333333,179.564166666667,3.12,0.06,ml,5,130,0.01905,0.16,earthquake,0.63,1.22,0.232204021378307,5,reviewed
2025-10-04t07:47:38.817z,32.337,-101.536,6.0303,0.7,ml,22,63,0.1,0.1,earthquake,0.42759879475612483,0.9832686836694311,0.2,12,reviewed
2025-10-05t18:36:05.990z,60.4533333333333,-152.712833333333,2.97,-0.96,ml,4,209,0.01609,0.21,earthquake,1.05,1.32,0.337769911613412,4,reviewed
2025-10-15t15:16:45.550z,47.00183333333333,-121.98433333333334,10.19,0.02,md,10,241,0.01977,0.12,earthquake,0.57,0.59,0.290269619501043,10,reviewed
2025-09-18t07:29:30.840z,54.7513333333333,-163.953333333333,-2.29,0.06,ml,4,123,0.04907,0.06,earthquake,0.26,0.27,0.178362105997471,4,reviewed
2025-09-25t09:56:49.530z,46.200833333333335,-122.19716666666666,-1.78,-0.07,ml,14,56,0.004507,0.14,earthquake,0.28,31.61,0.08478244457122514,4,reviewed
2025-09-19t17:55:33.990z,38.8185005187988,-122.803337097168,3.00999999046326,0.92,md,17,38,0.007182,0.02,earthquake,0.28,0.579999983,0.19,17,automatic
2025-10-05t09:13:11.880z,37.1755,-113.396166666667,1.84,0.97,md,6,166,0.2045,0.23,earthquake,0.76,15.42,0.506265809437768,6,reviewed
2025-10-16t18:29:03.510z,38.7916679382324,-122.77766418457,2.44000005722046,1.1,md,17,80,0.02013,0.02,earthquake,0.26,0.610000014,0.11,17,automatic
2025-10-09t17:03:28.955z,32.125,-101.144,8.667,1.5,ml,14,80,0.2,0.2,earthquake,1.6294390775746836,2.950746652302137,0.1,6,reviewed
2025-10-04t01:16:47.000z,51.8556666666667,-177.822166666667,8.1,1.6,ml,4,239,0.04166,0.04,earthquake,0.53,0.69,0.161568436427955,4,reviewed
2025-10-13t11:28:00.770z,44.811,-111.5295,11.12,0.73,ml,13,108,0.02384,0.21,earthquake,0.57,0.84,0.0951691184057314,10,reviewed
2025-09-17t20:14:38.560z,33.2268333,-117.176,-0.26,0.98,ml,24,122,0.06321,0.23,quarry blast,0.62,31.61,0.116,9,reviewed
2025-10-11t17:23:14.770z,38.8030014038086,-122.77783203125,2.92000007629395,0.47,md,9,109,0.01048,0.01,earthquake,0.72,0.970000029,0.29,10,automatic
2025-10-15t07:44:54.656z,7.1768,127.1802,10,4.9,mb,55,54,1.592,0.91,earthquake,7.92,1.836,0.056,102,reviewed
2025-10-04t04:52:38.310z,44.797,-110.860166666667,4.44,0.35,md,14,110,0.01107,0.16,earthquake,0.34,0.46,0.160105862821985,10,reviewed
2025-09-20t01:03:53.680z,38.824333190918,-122.803497314453,2.61999988555908,1.08,md,15,82,0.005222,0.01,earthquake,0.29,0.629999995,0.06,15,automatic
2025-09-20t10:24:36.710z,35.7748333,-117.594,10.35,1.46,ml,37,55,0.04092,0.17,earthquake,0.16,0.36,0.183,25,reviewed
2025-10-04t17:33:30.820z,20.2071666666667,-155.712166666667,32,2.35,ml,55,158,0.1018,0.12,earthquake,0.63,0.78,0.164788910480147,15,reviewed
2025-09-21t12:18:33.750z,44.8086666666667,-111.534,9.66,0.24,ml,8,83,0.02015,0.06,earthquake,0.26,0.85,0.0524441744981929,5,reviewed
2025-09-22t19:45:17.556z,31.651,-104.379,6.0999,1.5,ml,30,71,0,0.2,earthquake,0.873733449496747,1.0248055172294723,0.2,15,reviewed
2025-10-09t18:20:22.700z,36.0093333,-117.8115,1.7,0.79,ml,21,85,0.02687,0.1,earthquake,0.12,0.15,0.135,21,reviewed
2025-10-07t05:37:27.650z,40.232666015625,-124.124336242676,12.5299997329712,1.99,md,25,68,0.0144,0.13,earthquake,0.34,0.649999976,0.16,18,automatic
2025-10-07t11:01:42.090z,61.3316666666667,-152.237333333333,0.25,-0.68,ml,7,191,0.0773,0.04,earthquake,0.33,2.03,0.129080573414968,7,reviewed
2025-09-22t18:13:46.710z,53.567,159.7568,69.142,4.2,mb,28,159,0.859,0.92,earthquake,13.52,9.645,0.124,18,reviewed
2025-09-24t20:10:09.530z,45.7085,-118.81466666666667,-0.63,1.76,ml,8,109,0.1355,0.43,explosion,1.66,31.61,0.08834084328685676,4,reviewed
2025-10-06t11:26:56.282z,-22.3463,-179.554,599.741,4.4,mb,46,73,9.578,0.7,earthquake,13.74,8.996,0.081,44,reviewed
2025-10-10t05:34:43.760z,53.8566666666667,-166.917166666667,3.05,-0.07,ml,5,215,0.05058,0.13,earthquake,0.67,2.07,0.15650897050133,5,reviewed
2025-10-17t06:37:22.450z,33.6581667,-116.7381667,12.67,0.45,ml,26,62,0.05474,0.15,earthquake,0.23,0.45,0.235,10,automatic
2025-09-20t18:08:34.200z,33.9968333,-116.784,11.91,1.75,ml,83,27,0.04302,0.16,earthquake,0.11,0.3,0.236,26,reviewed
2025-09-29t20:32:55.450z,38.8291664123535,-122.816329956055,1.96000003814697,0.68,md,8,122,0.007556,0.01,earthquake,0.45,1.08000004,0.1,9,automatic
2025-09-20t08:04:37.733z,52.7057,160.8996,21.997,4.5,mb,31,120,1.4,0.65,earthquake,7.82,5.954,0.097,31,reviewed
2025-10-12t01:41:40.030z,45.0115,-111.836666666667,6.44,0.5,ml,6,154,0.1122,0.08,earthquake,0.44,1.36,0.0652780149278986,6,reviewed
2025-10-06t04:54:55.910z,61.0928333333333,-152.358833333333,1.97,0.05,ml,10,272,0.1035,0.09,earthquake,0.52,0.34,0.106782031668416,10,reviewed
2025-10-01t18:34:24.370z,38.8208351135254,-122.8056640625,2.25,0.8,md,9,146,0.00429,0.02,earthquake,0.57,0.699999988,0.22,9,automatic
2025-10-05t06:20:52.120z,39.704,-110.821166666667,1.83,1.3,md,9,103,0.11,0.25,earthquake,0.71,16.12,0.145224646751154,7,reviewed
2025-09-30t14:20:10.731z,31.566,-104.136,5.7281,1.8,ml,36,67,0,0.2,earthquake,0.5372935686818205,0.4528646805360683,0.1,18,reviewed
2025-09-18t16:01:10.870z,40.4096666666667,-125.010666666667,10,2.89,md,99,246,0.5247,0.32,earthquake,0.65,31.61,0.158,59,reviewed
2025-09-18t21:35:34.330z,38.7911682128906,-122.761001586914,1.12000000476837,1.08,md,11,64,0.009497,0.03,earthquake,0.27,0.5,0.18,11,automatic
2025-09-25t09:46:53.293z,31.679,-104.394,6.0999,1.8,ml,24,68,0,0.2,earthquake,0.786637837281999,0.6103945766084012,0,6,reviewed
2025-09-28t04:02:43.770z,34.1946667,-117.4826667,3.33,1.66,ml,86,25,0.01919,0.2,earthquake,0.14,0.3,0.145,96,reviewed
2025-10-03t04:19:23.333z,32.118,-102.194,6.2744,1.2,ml,33,63,0,0.1,earthquake,0.4474010268450552,0.67197825017147,0.2,21,reviewed
2025-09-22t23:30:58.520z,33.6903333,-116.795,16.38,0.69,ml,22,80,0.07322,0.15,earthquake,0.23,0.52,0.317,16,automatic
2025-10-12t09:47:06.030z,33.5348333,-116.7205,6.2,0.05,ml,18,60,0.03356,0.09,earthquake,0.17,0.35,0.1,11,reviewed
2025-10-15t07:11:21.120z,37.438835144043,-118.877502441406,8.28999996185303,1.92,md,24,106,0.1558,0.07,earthquake,0.31,2.30999994,0.23,24,automatic
2025-09-24t21:37:17.790z,33.4998333,-116.4948333,15,0.11,ml,13,98,0.08986,0.15,earthquake,0.37,0.71,0.055,8,reviewed
2025-10-14t08:33:08.724z,32.36,-102.032,8.1543,0.5,ml,12,85,0,0.1,earthquake,0.859272461001261,0.9957412638290845,0.1,6,reviewed
2025-09-26t09:27:51.895z,31.549,-104.134,6.8689,1.3,ml,32,68,0,0.1,earthquake,0.7569832634713417,0.6537858378948841,0.2,31,reviewed
2025-10-03t16:34:24.110z,46.099666666666664,-122.12416666666667,12.29,0.2,md,6,228,0.05695,0.1,earthquake,0.84,1.3,0.4125722748583174,2,reviewed
2025-10-02t20:08:07.742z,31.674,-104.335,6.0999,1.6,ml,31,70,0.1,0.3,earthquake,0.7595695996902024,0.7138284007941984,0.2,14,reviewed
2025-10-11t06:51:24.941z,43.5963,-127.0354,10,3.1,ml,56,251,2.172,0.79,earthquake,10.34,2.021,0.037,98,reviewed
2025-10-17t01:15:10.943z,-30.7151,-71.4078,40.51,4.6,mb,31,96,0.2,1.03,earthquake,4.13,6.559,0.173,10,reviewed
2025-09-29t01:10:38.680z,39.1268333333333,-110.846833333333,3.74,0.59,md,6,138,0.2518,0.04,earthquake,0.48,31.61,0.290131885442691,2,reviewed
2025-10-08t18:07:03.253z,28.756,-98.461,8.3448,2,ml,30,37,0,0.4,earthquake,0.33782192181504617,0.5784592435153991,0.1,15,reviewed
2025-09-24t01:32:13.318z,31.601,-104.19,6.0999,1.4,ml,23,67,0.1,0.1,earthquake,0.7095090732899553,0.8164388150744055,0.2,21,reviewed
2025-10-06t20:07:40.980z,33.0346667,-116.2968333,5.98,0.78,ml,28,39,0.08004,0.2,earthquake,0.25,1.11,0.156,10,automatic
2025-10-03t06:28:56.660z,19.1805,-155.485,29.53,3.86,ml,62,82,0.03303,0.11,earthquake,0.4,0.38,0.202515263615825,48,reviewed
2025-09-29t14:33:24.510z,60.0751666666667,-153.066666666667,1.89,-0.41,ml,5,270,0.01794,0.15,earthquake,1.16,0.77,0.396573138082497,5,reviewed
2025-10-01t04:18:14.389z,32.149,-101.054,7.2021,2.4,ml,22,86,0.2,0.1,earthquake,0.6255712367330458,2.8637602871446495,0,6,reviewed
2025-09-30t01:55:45.830z,60.0435,-153.1165,2.98,-0.48,ml,5,132,0.0194,0.18,earthquake,0.72,1.57,0.250435941937063,5,reviewed
2025-09-22t08:13:14.930z,60.0141666666667,-153.105166666667,-0.63,-0.83,ml,5,128,0.0363,0.11,earthquake,0.33,3.4,0.188836624178286,5,reviewed
2025-09-22t05:56:14.600z,34.6296667,-116.6663333,3.98,1.72,ml,45,45,0.03737,0.14,earthquake,0.15,0.42,0.128,26,reviewed
2025-10-05t04:01:44.690z,-14.1033,-76.0927,10,4.4,mb,16,147,2.226,0.94,earthquake,13.26,1.905,0.179,9,reviewed
2025-09-25t06:16:12.309z,31.732,-104.111,7.5098,1,ml,16,86,0,0.1,earthquake,0.8444754467014676,0.875182147870604,0.2,18,reviewed
2025-09-23t06:49:32.230z,35.5155,-120.776166666667,7.12,1.15,md,26,50,0.05975,0.04,earthquake,0.21,0.51,0.189,16,reviewed
2025-10-09t19:27:18.840z,38.8316650390625,-122.813499450684,1.95000004768372,1.15,md,23,49,0.008681,0.02,earthquake,0.19,0.360000014,0.18,23,automatic
2025-10-03t14:26:35.922z,52.49,159.2483,54.002,4.7,mb,135,85,0.646,0.82,earthquake,9.07,7.222,0.036,234,reviewed
2025-09-25t02:46:59.551z,32.205,-102.139,7.572,1.4,ml,43,69,0.1,0.1,earthquake,0.4987512591527835,1.048169161556672,0.1,40,reviewed
2025-09-20t03:10:21.180z,48.13616666666667,-124.515,8.22,1.43,ml,16,167,0.07044,0.34,earthquake,0.68,0.81,0.1159307604353138,7,reviewed
2025-10-15t09:53:28.940z,44.3861666666667,-110.6485,2,0.98,ml,8,104,0.0526,0.2,earthquake,0.67,1.72,0.276335375118002,3,reviewed
2025-09-22t17:02:45.950z,36.4615,-121.065666666667,6.67,2.16,md,70,37,0.008773,0.17,earthquake,0.2,0.53,0.22,52,reviewed
2025-10-17t08:31:50.636z,18.5873,120.5547,25.352,4.9,mb,42,119,4.237,0.89,earthquake,11.88,6.041,0.078,51,reviewed
2025-09-29t21:14:13.140z,36.6744995117188,-121.354331970215,-0.449999988079071,1.58,md,9,85,0.03349,0.08,earthquake,0.32,1.14999998,0.18,8,automatic
2025-10-08t18:09:34.520z,31.627,-104.255,6.0999,1.5,ml,36,89,0,0.2,earthquake,0.6824125148776509,0.5740920720777586,0.2,19,reviewed
2025-09-22t23:37:32.320z,54.7665,-163.996166666667,6.85,0.88,ml,4,105,0.04498,0.16,earthquake,0.62,1.28,0.341129125832407,4,reviewed
2025-10-10t12:40:30.890z,38.8271675109863,-122.815498352051,2.39000010490417,0.86,md,7,144,0.005669,0.02,earthquake,0.9,1.24000001,0.2,8,automatic
2025-10-07t19:11:05.790z,47.9795,-114.251333333333,0,0.24,ml,6,228,0.1988,0.18,explosion,2.08,31.61,0.000499329901726075,2,reviewed
2025-10-09t08:36:30.840z,19.0608333333333,-65.3741666666667,72.97,3.38,md,11,238,0.9573,0.38,earthquake,3.71,6.41,0.0835425016265887,8,reviewed
2025-10-06t22:38:54.955z,28.756,-98.46,8.9242,1.5,ml,14,58,0,0.1,earthquake,0.8831999206620803,0.8623614598755343,0.2,7,reviewed
2025-10-10t10:32:14.169z,29.039,-97.881,8.4374,1.6,ml,26,48,0.1,0.2,earthquake,0.5700045841097492,0.6206776484874056,0.1,15,reviewed
2025-10-15t10:09:48.730z,44.3806666666667,-110.647833333333,3.1,0.95,ml,6,105,0.05335,0.1,earthquake,0.42,1.72,0.268064933446809,2,reviewed
2025-10-14t09:23:17.336z,32.148,-101.985,6.4941,0.8,ml,25,71,0,0.2,earthquake,0.8947894941982539,2.140148986470753,0.1,16,reviewed
2025-10-04t02:35:11.010z,38.8216667175293,-122.842163085938,1.70000004768372,1.03,md,20,72,0.005757,0.03,earthquake,0.23,0.319999993,0.23,21,automatic
2025-10-08t17:23:38.500z,19.3353333333333,-155.005666666667,6.29,1.09,md,35,211,0.09354,0.15,earthquake,0.49,0.94,0.198867242823733,9,reviewed
2025-10-12t08:52:18.340z,34.0486667,-117.2615,15.8,1.68,ml,99,19,0.0593,0.17,earthquake,0.12,0.25,0.18,109,reviewed
2025-10-11t20:15:14.910z,38.8306655883789,-122.814498901367,1.96000003814697,0.27,md,7,86,0.008041,0.01,earthquake,0.49,1.00999999,0.18,8,automatic
2025-10-06t17:30:23.685z,28.76,-98.451,8.8153,1.3,ml,10,75,0.1,0.1,earthquake,0.703372588512287,0.9348884110758484,0.1,6,reviewed
2025-10-13t12:55:58.920z,47.58566666666667,-122.20766666666667,26.9,1.7,ml,19,84,0.01793,0.18,earthquake,0.39,0.63,0.2220035467376975,9,reviewed
2025-09-18t05:24:29.830z,54.7858333333333,-164.073333333333,19.9,0.74,ml,4,173,0.0339,0.26,earthquake,2.65,1.54,0.161877780436988,4,reviewed
2025-10-12t22:08:58.950z,-4.7143,122.6421,10,4.6,mb,28,93,0.219,0.63,earthquake,3.96,1.912,0.136,16,reviewed
2025-09-19t21:29:33.650z,35.8735,-117.6516667,4.72,0.89,ml,27,47,0.07251,0.17,earthquake,0.19,0.39,0.086,17,reviewed
2025-10-08t14:02:26.240z,55.0468333333333,-162.2395,0.36,1.84,ml,8,149,0.06464,0.07,earthquake,0.34,1.06,0.298398418836611,9,reviewed
2025-09-27t16:17:35.030z,35.8775,-117.7013333,3.39,0.98,ml,25,39,0.08152,0.17,earthquake,0.19,0.67,0.135,20,reviewed
2025-09-20t02:47:50.242z,53.0215,159.7784,71.815,5.3,mb,115,80,0.682,0.71,earthquake,8.53,4.88,0.021,737,reviewed
2025-09-29t11:02:49.340z,44.577,-112.2055,2.47,0.5,ml,9,130,0.1359,0.09,earthquake,0.62,1.07,0.12316327049975,6,reviewed
2025-10-15t12:30:45.190z,19.3073333333333,-155.216666666667,-0.49,2.17,ml,53,133,0.02704,0.15,earthquake,0.25,0.14,0.218405188187521,39,reviewed
2025-10-13t04:57:47.410z,34.0443333,-117.2905,15.72,0.93,ml,19,241,0.08688,0.11,earthquake,0.64,0.51,0.298,29,automatic
2025-09-24t14:59:45.620z,38.8273315429688,-122.85383605957,2.33999991416931,0.62,md,11,100,0.002382,0.03,earthquake,0.31,0.629999995,0.15,11,automatic
2025-10-16t21:30:56.720z,35.5343333333333,-84.4731666666667,9.78,2.07,md,10,77,0.09311,0.09,earthquake,0.4,1.41,0.0766039066328372,7,reviewed
2025-10-07t19:12:49.060z,33.1691667,-116.4181667,9.69,0.91,ml,38,55,0.09315,0.2,earthquake,0.19,0.55,0.124,19,reviewed
2025-09-20t06:54:13.372z,-3.813,127.8489,10,4.9,mb,29,69,4.481,0.72,earthquake,7.46,1.923,0.145,15,reviewed
2025-10-07t10:48:30.403z,31.656,-104.429,6.0999,1.7,ml,35,67,0,0.2,earthquake,1.001761300119913,0.7367552396074601,0.2,10,reviewed
2025-10-15t05:26:53.580z,58.1773333333333,-155.342,1.79,0.76,ml,11,85,0.03387,0.08,earthquake,0.17,0.46,0.231521028466077,11,reviewed
2025-10-04t15:26:52.908z,31.732,-104.096,6.9843,1.8,ml,41,47,0,0.2,earthquake,0.3680445635752676,0.4318834814385695,0.2,24,reviewed
2025-09-25t07:00:15.900z,60.48,-152.660833333333,5.32,-0.64,ml,4,284,0.01865,0.15,earthquake,1.06,1.05,0.265871427012721,4,reviewed
2025-10-12t13:48:04.570z,34.0201667,-116.877,17.57,1.12,ml,50,27,0.0594,0.16,earthquake,0.15,0.38,0.202,26,reviewed
2025-09-22t23:27:31.870z,54.7496666666667,-163.974666666667,-0.34,0.57,ml,4,111,0.04236,0.06,earthquake,0.27,0.47,0.33593156367932,4,reviewed
2025-09-24t09:00:44.615z,32.105,-101.939,7.8369,1.9,ml,57,48,0.1,0.1,earthquake,0.241972992990521,0.5079318873499955,0.1,38,reviewed
2025-09-30t09:27:41.260z,38.785831451416,-122.754997253418,2.24000000953674,1.06,md,17,76,0.01451,0.02,earthquake,0.29,0.600000024,0.17,18,automatic
2025-10-14t02:04:30.510z,36.4193344116211,-120.016998291016,0.0399999991059303,2.17,md,13,86,0.1164,0.23,earthquake,0.84,10.5699997,0.33,8,automatic
